Feature,KAN_L1_DEEP_score,KAN_L1_LOCAL_score,KAN_L1_DEEP_rank,KAN_L1_LOCAL_rank
SOH,0.18632678,0.18304873,1,1
Cycle_index,0.14986336,0.14549686,2,2
V_Kurs,0.09412581,0.08761427,3,5
V_Skew,0.08783794,0.08902157,4,4
V_Slope,0.08222004,0.08922125,5,3
V_Entropy,0.07726702,0.08036617,6,6
C_Time,0.07365584,0.07643354,7,7
V_Curv,0.06547554,0.06866618,8,8
V_Std,0.06277077,0.06132265,9,9
∂SOH/∂V_Skew,0.02156555,0.02414399,10,10
∂SOH/∂V_Curv,0.02024209,0.01820383,11,13
∂SOH/∂V_Slope,0.02015792,0.01955036,12,12
∂SOH/∂C_Time,0.01978654,0.02154802,13,11
∂SOH/∂V_Kurs,0.01709300,0.01454132,14,14
∂SOH/∂Cycle_index,0.00823624,0.00826586,15,15
∂SOH/∂V_Std,0.00759332,0.00705706,16,16
∂SOH/∂V_Entropy,0.00578223,0.00549834,17,17
