Feature,KAN_L1_raw,KAN_L1_score,KAN_L1_rank,KAN_L2_raw,KAN_L2_score,KAN_L2_rank
V_Std,0.3216624459500963,0.11858362595766629,1,0.053113932478579637,0.1107730413626262,2
∂SOH/∂V_Entropy,0.25462228116339247,0.093868692880150095,2,0.055519849952802597,0.11579076050806221,1
V_Slope,0.22521994182534399,0.083029267718020841,3,0.035969781834389779,0.075017644994604837,4
V_Skew,0.22012216966641063,0.081149930187253735,4,0.03757463694268575,0.078364689225682752,3
Cycle_index,0.18548649369040504,0.068381190483748577,5,0.030502274297782458,0.063614752942743921,5
V_Kurt,0.16910335154989298,0.062341404291538977,6,0.026405347646973287,0.055070308873708833,10
V_Entropy,0.16782315787088464,0.061869449886241552,7,0.028151241267926338,0.058711499372389633,7
∂SOH/∂C_Time,0.16119061875326679,0.059424307322116399,8,0.029970458374725215,0.06250561143329382,6
C_Time,0.15345012036686967,0.056570706048684437,9,0.024891850704357191,0.05191379886582654,11
V_Curv,0.1510144540161491,0.055672776709627142,10,0.023597191472073523,0.049213691116393718,12
∂SOH/∂V_Std,0.14688917087732989,0.054151955616389857,11,0.026832064751956691,0.055960259011359245,9
∂SOH/∂V_Kurt,0.12156120757940769,0.044814584207928103,12,0.027299855748615168,0.056935871793237364,8
∂SOH/∂V_Curv,0.10510602178783301,0.038748238504411531,13,0.018549693334368057,0.038686759784180333,13
SOH,0.090954239875543408,0.03353106244282747,14,0.01664974270992034,0.034724271990722894,14
∂SOH/∂V_Slope,0.082032163161386507,0.030241862161109384,15,0.014167411061012755,0.029547185422502939,16
∂SOH/∂V_Skew,0.078760009571624323,0.029035554610290743,16,0.016392308580395192,0.034187374040462071,15
∂SOH/∂Cycle_index,0.077538924149394006,0.02858539097199464,17,0.013896643331793931,0.028982479262202768,17
