ChargingTime,VoltageSlope,VoltageStd,VoltageKurtosis,VoltageSkewness,VoltageEntropy,VoltageCurvature,Capacity
4569.196217025157,0.00013414154835835113,0.17953327588949683,-1.2086113506645144,0.07987017408331527,3.9010509230754447,3.4380920026970285e-09,3.2419200686145064
4592.242218119787,0.00013465827843691085,0.18134230499809026,-1.2032750557174399,0.08112606593134478,3.8992892346898715,3.5163825963607017e-09,3.2453513096651205
4589.232230798814,0.00013505883821297022,0.18191731309545076,-1.1996498838076672,0.08386853710566836,3.8992892346898715,3.6154793315677444e-09,3.24692983695367
4573.836230024703,0.0001353281007936138,0.18111814281474437,-1.1983539365294928,0.08612763943697826,3.900007865134458,3.735031668120301e-09,3.247249467048473
4564.800229570363,0.0001356728763810513,0.18158526583522258,-1.196580942643302,0.08731749504073506,3.9010509230754447,3.789370825567127e-09,3.2462123138983805
4569.980229830908,0.00013592858143752685,0.18194213979467913,-1.1938261079126897,0.08742988133482411,3.9010509230754447,3.7881914665189345e-09,3.246487564941677
4552.00638264422,0.00013609363704102524,0.18101103721336592,-1.1933973329989847,0.08923040991899016,3.900307259833152,3.873139171605221e-09,3.2429336213438584
4660.4524861229,0.00013633718334727624,0.18259794705911464,-1.1953655448520066,0.0889488359710534,3.8991741578774723,3.757646072249581e-09,3.241987013124864
4659.312486004128,0.00013652035811113997,0.18282804112065829,-1.194636845281033,0.08890107157223164,3.8991741578774723,3.772532788836027e-09,3.2379180824378793
4645.422484555194,0.00013667198818789148,0.181909197127316,-1.1937501162121489,0.08989554483580726,3.899362744014565,3.78592304347796e-09,3.2363307869524482
4635.06648347521,0.00013686269003322798,0.1821510334109307,-1.193469441373119,0.09070783178318434,3.8983128687014146,3.836859956238307e-09,3.233009694338518
4624.166482338274,0.000137072961934853,0.18239757526023329,-1.1943230902401663,0.09066934206961409,3.8993627440145646,3.874751546647749e-09,3.229758107647841
4604.276480263361,0.00013723442472859878,0.1814451998727797,-1.195051136711196,0.09129034944439313,3.89942311333164,3.911269054438172e-09,3.22611782491943
4616.332481521182,0.0001374480876542552,0.18284788800642685,-1.1942050264447044,0.08937815979486298,3.8993627440145646,3.863873738476378e-09,3.2222379606956637
4589.8124787546985,0.0001382596199647442,0.18274603760915736,-1.1993015385443,0.08631454259480402,3.8995291659807734,3.764611451227852e-09,3.21791875143826
4593.036479091126,0.00013775534040928028,0.18208747650143572,-1.194617539408244,0.08975700297120051,3.8996158473803577,3.893800133487499e-09,3.213500936374783
4569.944476681907,0.0001378939283398643,0.18110891162659712,-1.1954196764484568,0.09094912824928689,3.8989781346514505,3.949666017490007e-09,3.208639598535021
4543.342473907396,0.00013806353046767915,0.18012241500029613,-1.1972605353609886,0.09144080786272869,3.8973247418776333,4.007506488928408e-09,3.204014426681316
4546.726474260737,0.0001382055564454811,0.18034583072432903,-1.195233988254643,0.09111784917366744,3.8973247418776333,3.958319438338941e-09,3.199664852514106
4517.820471244806,0.00013839228481393268,0.17940332906597706,-1.1971726227622725,0.09194711553292087,3.801294944136866,4.0219463703496305e-09,3.1943617771445036
4512.3584706755355,0.00013856890548575744,0.17960821836344795,-1.197567663234887,0.09086094377075078,3.801294944136866,4.0092607497453956e-09,3.190939271033663
4518.7944713474135,0.00013882666792465513,0.17996421541607682,-1.19486157452927,0.08862367419635628,3.799605685941942,3.872401764970489e-09,3.1851311139086906
4484.306467749644,0.00013890837577489772,0.17886399061525007,-1.1989710812842538,0.09070042040730937,3.802127790655378,4.0236293813634904e-09,3.181047419123131
4493.588468717644,0.00013898417196231397,0.1789779783986102,-1.1961388334340244,0.0897952438579726,3.8004271185537317,3.949125962157783e-09,3.1762573849815556
4467.14846595953,0.00013925593333613008,0.17924057801062734,-1.2005382138032838,0.08943783950395393,3.7994506934169494,4.026956139222372e-09,3.171901436801079
4590.0964787835255,0.0001387240293485374,0.1981021097315288,-1.3365965835321185,-0.0599558391981928,3.9290712913322774,1.957577501497197e-09,3.1669700877771008
4559.80047562375,0.0001388701249895677,0.1970344829595986,-1.3394763278740154,-0.06149286723084677,3.9267305584042407,1.9627461629542163e-09,3.16248111340834
4578.192477542849,0.0001388358851971641,0.19794857333010482,-1.3404628868475468,-0.06729224085356289,3.9174958196907466,1.7679115609914633e-09,3.158176516716851
4560.306475677469,0.00013894931729229693,0.19719879447792407,-1.339790984034177,-0.06489652150779497,3.9276754461860763,1.7439517391735197e-09,3.1538358566215012
4547.2504743150785,0.00013901585385504267,0.19724362545882504,-1.3487422174740593,-0.08100519150459644,3.905554167514995,1.6454048685982985e-09,3.149057888369684
4566.006476271199,0.00013896135928985796,0.19807707648193545,-1.3488504811981354,-0.0872959064171087,3.896058871799343,1.43801294758759e-09,3.145465819814861
4542.494473819621,0.00013908655331184785,0.19719595617367922,-1.3502293288378262,-0.08704864667683297,3.8945467992197638,1.4193962367403712e-09,3.1411304349868456
4560.1244756581145,0.00013904999170704567,0.19806400848169933,-1.3506539257817967,-0.0931456496652258,3.8960588717993434,1.2243155725470637e-09,3.1372678519391552
4543.934473969042,0.00013919635010586098,0.19776084620091108,-1.3534374314745172,-0.09857866852923547,3.88488247647386,1.240945530604693e-09,3.1336198613391146
4542.868473857641,0.0001392033998247191,0.19802760022204266,-1.357366376454651,-0.11070537834628642,3.875152951117407,1.096836712757365e-09,3.1298198848277448
4523.184471804765,0.00013930234660814613,0.19721021739594374,-1.3579307584972358,-0.10914385514238469,3.8723108223222535,1.085774705317676e-09,3.1260900948663988
4545.196474101394,0.00013924533802137405,0.19817764556215006,-1.3571624942323575,-0.11398402104807462,3.861389344044304,8.823011485092666e-10,3.1225009913785797
4531.058472625911,0.00013918766971483478,0.19760952409879215,-1.3600187086995998,-0.1164806084226438,3.861389344044304,1.0189480630598365e-09,3.119347990943059
4527.594472265686,0.00013931005574480072,0.1977049409534327,-1.3605139885526796,-0.12295979351335119,3.8624344854742696,7.131230217771579e-10,3.115472550821261
4514.104470856604,0.00013944916036954323,0.1974361918920212,-1.3621273736914685,-0.1281794777406443,3.8496188077466056,7.120309580688552e-10,3.1120423923894602
4511.0604705400765,0.00013943679407216425,0.19753858187847914,-1.3653523461986241,-0.14158102319458463,3.8395576450738,5.630638262865467e-10,3.108539532600641
4502.430469640298,0.00013948760601728544,0.19710233172806366,-1.364141234681677,-0.13576814090358444,3.849618807746605,5.152361696581544e-10,3.105381688947753
4500.384469427168,0.000139473691774838,0.19723198117052193,-1.3666927362812387,-0.14897381661622863,3.825366932305008,3.553152766445e-10,3.1016248099959274
4514.972470948473,0.00013954980786884475,0.1978840635853961,-1.3635007379016166,-0.14435045360771492,3.8395576450738,2.8845921103205004e-10,3.097590992304009
4511.466470582411,0.00013952268436182708,0.19796481180230813,-1.3658111811017666,-0.15686772654443604,3.816069718522743,1.3918874448547433e-10,3.095084255750598
4500.600469448487,0.0001396685166063561,0.19775177470300453,-1.366557666168274,-0.1612354642528308,3.817102915479223,1.5384563138485292e-10,3.09165331635756
4506.910470106523,0.00013959753096548928,0.19809545641719095,-1.3674891628298356,-0.17131196377691174,3.8068489985824994,-2.4043864458661154e-11,3.0890566970178224
4494.902468854561,0.00013966184569233603,0.19759499875118255,-1.3671034536283238,-0.16668634583305272,3.8026052513520563,-6.244689077173899e-11,3.0860287980282943
4488.396468175692,0.00013977123180200436,0.19751975560562018,-1.3670520017697394,-0.16855099617021238,3.802605251352057,-5.739285675179663e-11,3.08315258551378
4484.034467721474,0.00013972837685545818,0.19743288918389112,-1.368683669581554,-0.182490865137401,3.7922473930756952,-2.0412211928939372e-10,3.079975507271455
4469.262466179207,0.00013977665441505433,0.1967669834092436,-1.369125589616576,-0.1796054296630631,3.78895340505598,-2.365614820850796e-10,3.077444357890895
4473.0304665731965,0.00013971386021303876,0.1969589873977872,-1.3690426696759679,-0.19057976095392365,3.7774636141087043,-4.0853094547339837e-10,3.0742789025061024
4465.380465775612,0.00013982962213860296,0.19687004941519295,-1.3692829922834098,-0.1926688852155735,3.7774636141087043,-3.914035911718271e-10,3.07181086718004
4461.37646535784,0.00013991972467755466,0.19683611587691233,-1.3685538795915604,-0.19453912558387287,3.7773489632878405,-4.1726493891200587e-10,3.0687884736135542
4468.598466110416,0.0001397683236266112,0.19691880158351863,-1.3681292057945527,-0.1954075685437882,3.778376289807068,-6.273359996135231e-10,3.0661086640974933
4457.080464909901,0.0001398562001604922,0.1966261768658281,-1.3687602720063015,-0.19923513328056364,3.7654689513419455,-6.203831404534456e-10,3.063763466577013
4455.100464703515,0.00014000063084050732,0.19673937703326005,-1.3678959516694125,-0.2000777052262617,3.7654689513419455,-6.251517943047989e-10,3.061085190179037
4455.056464698631,0.00013991057334615975,0.196709887472956,-1.368208729876743,-0.2122375129311273,3.75387242625739,-7.711551800288834e-10,3.058796398445774
4447.590463920613,0.00013992158317031775,0.19631985286183862,-1.368212612403246,-0.20621307515250054,3.764441624822718,-8.184125434448304e-10,3.056008105096847
4447.312463890878,0.00013983475584458338,0.19631921722484666,-1.3682977004959347,-0.21839964345594448,3.7528509038427917,-9.770779181919345e-10,3.0538244958106815
4439.062463029986,0.000140100642235725,0.19624889753158375,-1.3675711676625828,-0.20966622194715823,3.763414298303491,-8.476894902123972e-10,3.051474351857367
4432.110462303972,0.00014016436193793467,0.19605583697219178,-1.3675240353922569,-0.212112744248481,3.748130178483569,-8.382884466696295e-10,3.049183328298609
4434.958462601411,0.00014009804914614168,0.19619398726809448,-1.3671856359717818,-0.223016525988541,3.738651709978108,-9.951951696535298e-10,3.046970724746906
4433.490462450078,0.00014016919753493743,0.19624299017823055,-1.3670505522217808,-0.22322885842189089,3.7376301875635094,-9.93893770705149e-10,3.044816484348687
4436.05646271701,0.00014003492302725576,0.19617791706055487,-1.3667804500907035,-0.22569846314038255,3.7368366713011363,-1.192174529047675e-09,3.0422633217485884
4428.166461892077,0.00014013821222728725,0.19595984571197528,-1.366543073861252,-0.22870465263292689,3.7368366713011363,-1.1811815774462501e-09,3.0396310547321224
4418.862526767305,0.00014034261220650652,0.19579269772502847,-1.3664500225444127,-0.22003731043943558,3.7474798617204805,-1.0309657417869714e-09,3.038521471759303
4425.298527534935,0.00014023176107855027,0.1959924612810924,-1.36568131188125,-0.22987098678167522,3.737744190639622,-1.2111169152091186e-09,3.036453794227431
4423.094527273206,0.00014034859648924026,0.196118142330097,-1.3654122678844451,-0.23000711324659923,3.737744190639622,-1.1952322356463322e-09,3.034217391812065
4412.044525958132,0.00014043138192952774,0.1957457461036243,-1.365481969251146,-0.23420944002600166,3.7211887235378445,-1.1908538959709133e-09,3.031258185758463
4417.404526593164,0.0001403598612775506,0.19592908491829428,-1.3643773627411457,-0.24416017326145673,3.71253554202331,-1.346782583586593e-09,3.0291276775478804
4416.000526424963,0.0001404146822810304,0.19599080066248167,-1.3636655865901786,-0.24427674738771923,3.71253554202331,-1.3501072506224734e-09,3.0277353881049263
4412.3425259911455,0.00014043866147283842,0.19587920715087626,-1.3634296182459562,-0.24574870209930014,3.71253554202331,-1.3619821283173881e-09,3.026206776258274
4411.048525835853,0.00014054036382980307,0.19597525629845927,-1.363179472667793,-0.24591375481770117,3.71253554202331,-1.3562864455230466e-09,3.023900848270262
4401.314524676884,0.0001405245379512238,0.19547723227528319,-1.3639132164235601,-0.24085537930975656,3.7242861613108187,-1.3891245858914667e-09,3.022304862146405
4407.414525407832,0.0001405307206059417,0.19577065325140114,-1.362702211534219,-0.2502484103432885,3.713551325547939,-1.515653185083065e-09,3.018511556217718
4407.786525445059,0.00014034089126158675,0.19557946700353357,-1.3607785931491405,-0.2630228431601834,3.7028236673912054,-1.7369194206878777e-09,3.017586851964519
4400.270524554187,0.00014035184515345426,0.19523367188324045,-1.3614863639962334,-0.2573206588953392,3.697929655001907,-1.773116057488161e-09,3.013389525628525
4413.168526087888,0.00014046921983539666,0.19610201863691276,-1.359551018741684,-0.25999600473368484,3.7028236673912054,-1.7541438616402414e-09,3.0110027257389302
4411.114525846904,0.00014054082255422537,0.19609435011791534,-1.3592005069550215,-0.26087192640997453,3.7028236673912054,-1.7510478488579417e-09,3.009250138424341
4413.948526181048,0.00014042812285288052,0.1960830945824403,-1.3573477182548968,-0.2717795630969511,3.752899934042079,-1.912472864121249e-09,3.0073321183287183
4400.466524577001,0.0001406661052257146,0.19583122616682233,-1.3586769539433847,-0.2644977449853237,3.6859789227072026,-1.7409951004723358e-09,3.0042197862650535
4399.79252449167,0.00014043135423548307,0.19542107147680624,-1.3581836730654395,-0.26889327662598095,3.6861241552666244,-1.9554230232932315e-09,3.002676003461097
4391.668523524888,0.00014052181410651127,0.19523580591349962,-1.3581529100174248,-0.27111593436346415,3.6861241552666244,-1.9413212623025986e-09,3.000152672453749
4381.980522372993,0.0001405953184989233,0.19486744461388786,-1.357369739540201,-0.27560361296789393,3.68713426402296,-1.957179815827893e-09,2.998237501423479
4398.160524303094,0.0001405952106201052,0.19570627750105823,-1.3572939318837305,-0.26841567740574573,3.6861241552666244,-1.9698586902485816e-09,2.9962185674253994
4392.210523590911,0.00014066582717632719,0.19549981041864592,-1.356592207461498,-0.2708396391127194,3.6861241552666244,-1.96674388037678e-09,2.9941668659890412
4393.866523786914,0.00014048284960365621,0.19532306337683716,-1.3544043173447822,-0.2826853099909478,3.735997536403738,-2.1485647104481755e-09,2.9922872670128053
4387.820523066912,0.0001405647912375317,0.19514402954431156,-1.3540375278433747,-0.28488559874181235,3.735997536403738,-2.1396406476110975e-09,2.989862987667236
4380.488522194093,0.0001405088010434318,0.1947087398629456,-1.3551845973311634,-0.2794288134666862,3.6711475483385048,-2.1976387267278946e-09,2.9874241056959367
4371.152521081734,0.00014060274373569194,0.1944396981625228,-1.3548993664232631,-0.2830000231912377,3.6723028896542615,-2.193416756652242e-09,2.985371686651612
4383.496522553032,0.00014073156707508804,0.19521107845508914,-1.3526974065075577,-0.2865368036120422,3.7371464591566297,-2.163041685679116e-09,2.983051124257267
4377.736521861749,0.00014070165673974122,0.19492488956283607,-1.3542930073820951,-0.2794451675414774,3.6711475483385048,-2.1854641080481817e-09,2.9815010787548855
4366.048520467943,0.00014091769053591098,0.19471997948144965,-1.3526090290432333,-0.2846386187092542,3.6723028896542615,-2.2457591884602862e-09,2.9787451476566558
4366.144520488102,0.00014078750677721946,0.19456654148315944,-1.3539365263560528,-0.2838430755683675,3.6723028896542615,-2.2059979063251563e-09,2.976808060768365
4369.530520887813,0.00014063736571573516,0.1944831926414818,-1.3511426986023056,-0.2952227764439708,3.722249047411918,-2.387346440580287e-09,2.974919748077528
4361.116519887,0.00014073504676082656,0.1941977409644189,-1.3503140560236777,-0.29853555178133834,3.722249047411918,-2.388716110426202e-09,2.972935897511258
4353.706519001862,0.00014070209948218682,0.19381440055436538,-1.352082773703738,-0.29279241230624176,3.6551568020735203,-2.406984057866022e-09,2.971059500558538
4348.562518388266,0.00014074727092240556,0.19367725877109918,-1.3516977292154915,-0.29472424342528075,3.6551568020735203,-2.433366298223662e-09,2.968977813443334
4341.890517593129,0.00014077846973154195,0.19335113472026158,-1.3508604703825005,-0.2974330309550489,3.656312143389277,-2.426078039207947e-09,2.9664202034887706
4336.852516993647,0.00014083461651043792,0.1932350899088283,-1.3504047474907968,-0.2995519289650518,3.656312143389277,-2.4383601948738434e-09,2.9650513632349997
4332.866516516777,0.0001409056453152226,0.1931575592979627,-1.3498603865576595,-0.3008998086918674,3.656312143389277,-2.436035586543472e-09,2.962618174767933
4361.028519875836,0.00014069149387996294,0.19423503674739376,-1.347880032784874,-0.301904633051199,3.7211001246590256,-2.649413385861386e-09,2.961196930100776
4356.888519380009,0.00014074492655349985,0.1941293325132426,-1.347628383134477,-0.30291463478091424,3.7211001246590256,-2.6365409040794943e-09,2.9588910621975346
4353.586518989876,0.00014080583063738665,0.194024523420807,-1.3466782632392214,-0.30476023478300013,3.7211001246590256,-2.6445239198499275e-09,2.957252846505127
4350.95051867282,0.0001407918881059323,0.19396384183598475,-1.346686437386992,-0.3049589091806542,3.7211001246590256,-2.6712765545562804e-09,2.955090209750844
4346.306518117664,0.00014086820946210342,0.1937949313448967,-1.3456737854975556,-0.3075515399689753,3.7039035583185074,-2.662732049630859e-09,2.953345425650498
4342.878517708508,0.00014094779960305672,0.19375254748512394,-1.3455061743620063,-0.3083654078033824,3.7050524810714,-2.6521265391921447e-09,2.95101097483792
4334.312516689068,0.0001408753246561268,0.19327230908875964,-1.3472611652010091,-0.3034414384408684,3.656312143389277,-2.704308595229715e-09,2.949126456644154
4328.39451598376,0.00014098343110693614,0.19314457733739304,-1.3465920089158094,-0.30511936056451106,3.656312143389277,-2.6801438808985437e-09,2.946948356710476
4320.282515014987,0.0001410091346920575,0.1927880969677483,-1.3459143919650725,-0.3091004502565146,3.640029615602075,-2.7067435196307053e-09,2.9452915966592106
4317.114514636807,0.00014104482807492615,0.19268781372141983,-1.3455366589185032,-0.31031213449439915,3.640029615602075,-2.6977315838209176e-09,2.9429831983600527
4311.66251398786,0.00014110056159782688,0.19252315549487128,-1.344723124484367,-0.31229600682652553,3.6411849569178316,-2.713936273990409e-09,2.94110477826226
4334.170516669983,0.00014092159429956894,0.19338191029669785,-1.3427956336574975,-0.3146078535461689,3.7062014038242905,-2.9104992839522718e-09,2.939020559343532
4309.248513702769,0.00014087182481619374,0.19211371836144614,-1.343579901924721,-0.3170610989350964,3.6411849569178316,-2.9642142242730147e-09,2.9371359676467548
4326.0985157079995,0.0001410174852980299,0.1931419361676042,-1.341568839847402,-0.3184240152513561,3.7062014038242905,-2.930391110559713e-09,2.935108844906415
4317.702514710138,0.00014105291645094708,0.19277531904872844,-1.340614063794395,-0.32211803033012065,3.6887172796563767,-2.957459504968884e-09,2.932789457928468
4318.414514794946,0.00014105559893215377,0.1928290473401307,-1.3404792672151502,-0.32182158423805085,3.6887172796563767,-2.9780041194224613e-09,2.9305567787547466
4309.192513694288,0.0001410015730709923,0.1923330436098147,-1.3424194818245336,-0.31762893254413943,3.6411849569178316,-3.021058402635227e-09,2.9290505960247115
4299.776512574172,0.0001410617640615881,0.19193203767968642,-1.3410331595048492,-0.32109402244095625,3.6237483886380097,-3.0196908137760928e-09,2.927040403668213
4294.66651196382,0.00014111304034349526,0.19174189357126478,-1.3404620193289412,-0.3237133324138526,3.6237483886380097,-3.0366503355005905e-09,2.925022427554389
4290.358511447441,0.0001411745257895853,0.19168645164856096,-1.3402325791413083,-0.3241383967961773,3.6237483886380097,-3.022319603334468e-09,2.9226038064610447
4283.290510607185,0.00014123163220677238,0.19140473414896922,-1.3390809318481107,-0.3276976461424261,3.6249037299537665,-3.0379209821477542e-09,2.9204935082016323
4277.582509926753,0.00014113979623136335,0.1910427765072049,-1.341308623526778,-0.3211994132300541,3.6359446596382337,-3.073434010259634e-09,2.91845981821316
4305.996513315244,0.00014105342832071611,0.19231465711563275,-1.3369391122816832,-0.3303069258690805,3.6898662024092683,-3.252818631377024e-09,2.91624414474067
4289.692511367379,0.00014132555806035485,0.19193232561299317,-1.3388075524422434,-0.32402801026682204,3.6237483886380097,-3.068540626066078e-09,2.913719538124325
4291.2425115555525,0.00014117223391154365,0.19172321476438406,-1.3350762093101796,-0.33614564656281337,3.673534805940312,-3.2517833688933933e-09,2.912023769810519
4282.400510502281,0.0001410899675364552,0.19119042700328234,-1.3367669662212298,-0.3320397331394902,3.6249037299537665,-3.3097491991219534e-09,2.9097618527407505
4272.914509369759,0.0001411733063698859,0.19085395337446806,-1.3362958904424553,-0.3355584847976896,3.6073257553172713,-3.3051906319623528e-09,2.9080064846823466
4290.778511498589,0.00014129411820392357,0.19192216855411187,-1.3345959381742163,-0.3360890875876622,3.673534805940312,-3.271644710865066e-09,2.905506975369736
4262.336508105975,0.00014129524438901436,0.19049733851883688,-1.3344490811982885,-0.339875572296871,3.6083358640736067,-3.328927605630087e-09,2.9037198907912862
4274.184509522747,0.000141337459701605,0.19121117340888202,-1.3356776573069689,-0.3342463557145844,3.6073257553172713,-3.3278200988972642e-09,2.901646108153755
4268.232508812798,0.00014139098513879712,0.19095952418338677,-1.334639150230868,-0.3373461601536474,3.6083358640736067,-3.3383630350528444e-09,2.899533308420683
4261.824508044636,0.0001414655780666071,0.19076399793806398,-1.3339744763427144,-0.339367904449354,3.6083358640736067,-3.333796288093358e-09,2.897371244868706
4264.246508333832,0.00014119530862023136,0.19051278001424451,-1.3328480277284729,-0.34321905897917293,3.6094912053893635,-3.6028771446511468e-09,2.895110688987902
4254.618288010359,0.000141265617756067,0.19011653094540928,-1.3312212568400026,-0.3470636545631275,3.591774262680575,-3.646378429404265e-09,2.892995500974258
4248.852707651444,0.00014134805293306179,0.189937332040424,-1.3305136072577861,-0.3497946406563896,3.591774262680575,-3.6524868951448195e-09,2.890761544041613
4266.386694166111,0.00014144838086972082,0.19097785681867654,-1.3287456757474878,-0.35065160686100105,3.6559162906910165,-3.6344732172720543e-09,2.888307914977485
4261.954697546549,0.0001413784193491819,0.19071185758827505,-1.3312126011190202,-0.3443219484078618,3.6094912053893635,-3.694656919901e-09,2.892112778385012
4263.778696194757,0.00014137553375818767,0.19082475171119692,-1.331989529553433,-0.3431940684369486,3.6094912053893635,-3.676183574560109e-09,2.8836338558879953
4246.560709461104,0.00014150879039622494,0.1901505568552021,-1.3278640704487152,-0.3515769168205049,3.591774262680575,-3.78941162424267e-09,2.881059185750596
4237.458716609515,0.00014157906796604565,0.18974547791762392,-1.3257211985717328,-0.3563543946591022,3.591774262680575,-3.8153711072187644e-09,2.8790091831001785
4236.5947172585875,0.00014127114074132766,0.1893026947704692,-1.3245177786317845,-0.36037116867160834,3.592929603996332,-4.067289034000065e-09,2.876542009467636
4221.998728550971,0.00014157128963804464,0.1890915096711352,-1.3277411442878906,-0.35370776482291344,3.5862563772311047,-3.871828932555413e-09,2.8737116684285513
4228.208723701071,0.0001413691648886396,0.18903863631847145,-1.323157980102576,-0.3633649917219905,3.5750760488338393,-4.097105732290346e-09,2.871693909998644
4240.980713815894,0.0001414156455152567,0.1898328759219169,-1.3243523997491615,-0.3582991461141006,3.592929603996332,-4.118664575607036e-09,2.8687548098670814
4237.9307161569595,0.0001414980172403683,0.1897904482687102,-1.3237843183140972,-0.3592336334387175,3.592929603996332,-4.137156755452443e-09,2.8659096270534943
4226.78072486911,0.00014155743873247136,0.18929889346531456,-1.3217343181944161,-0.36453395517006115,3.5750760488338393,-4.171962853430542e-09,2.8634228277220344
4224.39872659836,0.0001417006163799495,0.18937925502869457,-1.3212865543689576,-0.36528928303788066,3.5750760488338393,-4.148944407777056e-09,2.8603730569348143
4224.4627266013995,0.00014152481800252747,0.1890570657179167,-1.3153408128993078,-0.37813631858392377,3.622571809647717,-4.407183318290526e-09,2.857728617628854
4209.862738018855,0.00014152476001442333,0.18837181062363398,-1.31681455804279,-0.3760619427794637,3.5580982670608527,-4.475375200421636e-09,2.854739598893909
4202.870743328705,0.00014158689638631912,0.18810086085560293,-1.3148514119863237,-0.37930944758815327,3.5580982670608527,-4.5205736479261575e-09,2.852269316414524
4196.758748091757,0.00014167248730750172,0.187922355936262,-1.313522057426672,-0.3818657171473412,3.5592536083766095,-4.530992524278061e-09,2.848769788965116
4212.564735866617,0.00014169780148067768,0.18886279784888,-1.316070204284086,-0.3749696524174003,3.5772414989059316,-4.539792472144091e-09,2.845453381071778
4202.480743690394,0.00014188058445599645,0.18861521213238372,-1.3146778360232734,-0.37837828285896774,3.5580982670608527,-4.557134647166075e-09,2.842380628524034
4199.4487459771335,0.00014164224550246464,0.1880982347448213,-1.3119149023115624,-0.38378081744993114,3.5592536083766095,-4.829929707120195e-09,2.839730638798014
4193.6987505098805,0.000141751635848335,0.18795403274400152,-1.3109303598859448,-0.3865115412446297,3.5592536083766095,-4.8598265181184015e-09,2.8369025846933313
4190.920752699487,0.00014180291445682361,0.18788629408871702,-1.3107121374878825,-0.3874589170496145,3.5592536083766095,-4.847331365608195e-09,2.83347029678548
4173.192766412627,0.00014198936044913292,0.18719370474336203,-1.3056044343115543,-0.39616662676789877,3.5422889262142996,-4.958181281537097e-09,2.8300448342060007
4179.340761673171,0.0001417201661717609,0.18718004827987722,-1.3051118411435816,-0.39768402019389215,3.541133584898543,-5.210885903572236e-09,2.827276049606797
4195.384749256074,0.0001418637324672384,0.1882240056453741,-1.3032336682745582,-0.3981901780754026,3.6057013757196423,-5.1979553511693996e-09,2.8241079366943347
4190.208753141109,0.00014194068085792417,0.18804746986017948,-1.301352473440714,-0.40038531219207074,3.604552452966751,-5.243308025309838e-09,2.8208690019235543
4176.422763910145,0.00014194490049594687,0.18738516240439732,-1.3027725948034787,-0.39878070447725505,3.541133584898543,-5.297508852155709e-09,2.817766666426053
4170.432768436149,0.00014203118453728208,0.18723981458450978,-1.3016749128567913,-0.401115895346117,3.541133584898543,-5.338269530437777e-09,2.814308459409044
4168.896769646555,0.00014208290361519124,0.1872448125915961,-1.300066405697235,-0.4027132092840027,3.541133584898543,-5.370229122880512e-09,2.811975026700306
4161.186775728129,0.00014216275890863704,0.18697122864040414,-1.2987599767707954,-0.4052610017655502,3.524038901150433,-5.402533406468011e-09,2.808504218756646
4154.388780995738,0.0001422882176324212,0.18675604778757066,-1.29684557827721,-0.40792307860866184,3.52519424246619,-5.407838350796591e-09,2.805574066621773
4154.948780460283,0.00014204780688273821,0.18647805270996715,-1.2952924306913236,-0.4114204769747934,3.5241841337098547,-5.647298789544431e-09,2.802083102602808
4150.7787837078795,0.00014221950220343982,0.18649701791722978,-1.2945814706493024,-0.41308380647999327,3.5241841337098547,-5.662938886009208e-09,2.799470640590685
4139.894792259205,0.00014240597713517894,0.18617784654242567,-1.2922434983573554,-0.41809210432155136,3.507971620824243,-5.7397239059271735e-09,2.79654864395196
4134.772796155885,0.00014252269145538418,0.1860320205009324,-1.2893777775831952,-0.4212934024591067,3.5068162795084863,-5.838128501460951e-09,2.7930284173801003
4134.830796140712,0.00014223685791474455,0.18567130584074656,-1.2860441736365178,-0.4263875636855574,3.5068162795084863,-6.154099941257597e-09,2.789677619142525
4126.894802290946,0.0001423625987574096,0.18541654389742745,-1.283791272671976,-0.4299498336568985,3.5068162795084863,-6.197680405758281e-09,2.786345768631592
4140.28279183805,0.0001425626047089763,0.1864133101820404,-1.2819742968982204,-0.4309758449214541,3.5704257992733055,-6.146312046541608e-09,2.7837190223299157
4117.060809911229,0.00014255329243336525,0.18519374016141257,-1.2809451875829083,-0.43391344032943896,3.488312377850535,-6.261551890149281e-09,2.7800390556380217
4127.764801579993,0.00014268495519258526,0.18609932874607302,-1.284379439201386,-0.42800723597173346,3.5068162795084863,-6.228282220472342e-09,2.776569877863226
4128.484801015817,0.00014259729289894322,0.18586254580637718,-1.2758989122535183,-0.4404285169977912,3.55202469706901,-6.53515710843902e-09,2.772510705812309
4119.152808202431,0.00014271001687487988,0.18549785887267567,-1.2726926712730247,-0.4449442011177354,3.55202469706901,-6.603386491495945e-09,2.768699601319989
4110.184815249406,0.00014278618347727027,0.18527363053652018,-1.2763895089749187,-0.4406935338221279,3.4894677191662917,-6.644385955446414e-09,2.7651883990471724
4111.5148141384125,0.00014266503403597146,0.1850452841535984,-1.2674805610403923,-0.4533739030129203,3.533500282731609,-6.97816627997051e-09,2.762053317832437
4105.790818629321,0.0001427874898811105,0.18492025862009306,-1.2653205575284179,-0.4562162726930194,3.533500282731609,-7.021324681695041e-09,2.757755449586316
4090.292830632534,0.00014278827141556296,0.1841639671719326,-1.2665946419228602,-0.45395965192434473,3.471995157796395,-7.091039873141516e-09,2.7574970903747573
4099.194823684171,0.0001430169636631703,0.1849215681152376,-1.262781690542636,-0.45850982813939295,3.533500282731609,-7.115998672495169e-09,2.750498131176758
4079.2008392093703,0.00014304232464342381,0.18397792629120227,-1.2618353065860364,-0.4601646534949163,3.4708398164806376,-7.275114689971469e-09,2.746003933194037
4076.9788409052417,0.00014290632712641343,0.1835110326220518,-1.251926545366715,-0.4735835092778895,3.5160033475237427,-7.618593759876588e-09,2.7423090794265423
4070.938845656812,0.00014300151115432595,0.18332204090482643,-1.2492527285049353,-0.47630731342576094,3.5160033475237427,-7.674192411710576e-09,2.7384316423750827
4063.142851606477,0.0001431051187946693,0.18319635396256273,-1.253542619276246,-0.47174772755217304,3.453245133031386,-7.700011668694104e-09,2.7342094477053487
4077.0628408640623,0.0001433568033888639,0.18430066844410922,-1.2516567269697365,-0.4724584801631829,3.514854424770851,-7.638445725605876e-09,2.729831317854681
4077.8388403290883,0.00014326155032328114,0.1839988365394684,-1.2423292623056452,-0.4845628499917463,3.5032753991001075,-7.92428828823158e-09,2.7253135477661132
4062.862851832062,0.00014346593670597186,0.18363935080283772,-1.2449233755754059,-0.482205622401004,3.496088935913762,-8.037497450299573e-09,2.721317714132354
4059.9488541558385,0.00014336406206708817,0.18315527765236872,-1.2331845055041653,-0.49717560796578136,3.4844963667100837,-8.477754316326945e-09,2.716756018885772
4051.02286105603,0.00014337456900985625,0.1828402741198961,-1.2346750617887363,-0.49393428676534884,3.4772055755660154,-8.622800093513138e-09,2.712071435248074
4043.3508668849245,0.00014358115196735685,0.18275735949988375,-1.2312791070083573,-0.4980136151812194,3.4772055755660154,-8.665702140044593e-09,2.707852942185465
