panel,configuration,dataset,metric,n_runs,mean,sample_sd,median,q1,q3,minimum,maximum,box_whisker_low,box_whisker_high,mean_minus_sd,mean_plus_sd
a,C0_data_only,ALL_MATCHED,RMSE,80,0.750830367,0.285892308,0.721944869,0.51970419,0.915756379,0.221816986,1.496335678,0.221816986,1.496335678,0.464938059,1.036722676
a,C0_data_only,LCO,RMSE,10,0.684458241,0.180432641,0.64368844,0.575878751,0.707842933,0.500720413,1.041612215,0.500720413,0.716386456,0.504025599,0.864890882
a,C0_data_only,LFP,RMSE,10,0.918624215,0.22123511,0.868729828,0.780559075,1.026601251,0.639890553,1.400310919,0.639890553,1.104930229,0.697389105,1.139859324
a,C0_data_only,NA-ion,RMSE,10,0.452034278,0.184597677,0.453420263,0.278959301,0.590598001,0.221816986,0.736713968,0.221816986,0.736713968,0.267436601,0.636631955
a,C0_data_only,NCA,RMSE,10,0.542859668,0.07308157,0.539226714,0.50009141,0.578931661,0.447777892,0.669850176,0.447777892,0.669850176,0.469778098,0.615941238
a,C0_data_only,NCM,RMSE,10,0.938710151,0.196837558,0.883084722,0.844098558,0.992671167,0.702377688,1.42909959,0.702377688,1.036126446,0.741872593,1.135547709
a,C0_data_only,NCM_LCO,RMSE,10,1.142079867,0.190156513,1.144169597,0.991128059,1.263662986,0.911199953,1.496335678,0.911199953,1.496335678,0.951923354,1.332236381
a,C0_data_only,NCM_NCA,RMSE,10,0.481415642,0.075534156,0.441755331,0.435403071,0.519252068,0.408556918,0.629968289,0.408556918,0.629968289,0.405881487,0.556949798
a,C0_data_only,Stanford_NCA,RMSE,10,0.846460876,0.179911018,0.792070129,0.754189352,0.834796578,0.712328963,1.322092861,0.712328963,0.945167895,0.666549858,1.026371894
a,C1_pde_fixed,ALL_MATCHED,RMSE,80,0.863424114,0.397253781,0.771271301,0.643922186,1.180887343,0.158801014,1.876375329,0.158801014,1.876375329,0.466170333,1.260677895
a,C1_pde_fixed,LCO,RMSE,10,0.76682087,0.10836715,0.758052346,0.688338288,0.830197851,0.617825612,0.948248381,0.617825612,0.948248381,0.65845372,0.875188019
a,C1_pde_fixed,LFP,RMSE,10,0.711913316,0.06562649,0.706134235,0.665191147,0.731215582,0.641333378,0.862907246,0.641333378,0.763554206,0.646286826,0.777539806
a,C1_pde_fixed,NA-ion,RMSE,10,0.445516142,0.406053725,0.295872029,0.222367271,0.40560667,0.158801014,1.466514459,0.158801014,0.429966517,0.039462417,0.851569867
a,C1_pde_fixed,NCA,RMSE,10,0.571109126,0.248828415,0.460847772,0.410189123,0.659650788,0.36708997,1.086723462,0.36708997,0.910483933,0.322280711,0.819937542
a,C1_pde_fixed,NCM,RMSE,10,1.512412239,0.162590276,1.47520389,1.412259323,1.562436444,1.291738678,1.876375329,1.291738678,1.651096694,1.349821963,1.675002516
a,C1_pde_fixed,NCM_LCO,RMSE,10,1.250446486,0.227385944,1.241927366,1.194770816,1.318962271,0.750591805,1.635506866,1.176952746,1.468769218,1.023060543,1.47783243
a,C1_pde_fixed,NCM_NCA,RMSE,10,0.796723835,0.202143009,0.831577025,0.684656242,0.952581134,0.447706651,1.049942843,0.447706651,1.049942843,0.594580825,0.998866844
a,C1_pde_fixed,Stanford_NCA,RMSE,10,0.852450899,0.242937757,0.779418878,0.685878454,0.92758609,0.606332751,1.391535839,0.606332751,1.092187799,0.609513142,1.095388656
a,C2_mono_fixed,ALL_MATCHED,RMSE,80,0.927479886,0.366239497,0.839851034,0.695132751,1.189873063,0.24444322,1.707578404,0.24444322,1.707578404,0.561240388,1.293719383
a,C2_mono_fixed,LCO,RMSE,10,0.794759861,0.112687656,0.74840018,0.721942528,0.862761165,0.66927385,1.027626802,0.66927385,1.027626802,0.682072205,0.907447516
a,C2_mono_fixed,LFP,RMSE,10,0.7568795,0.100036559,0.735175148,0.694697041,0.78571823,0.64231641,1.004091148,0.64231641,0.799249405,0.65684294,0.856916059
a,C2_mono_fixed,NA-ion,RMSE,10,0.389282781,0.127383055,0.374740192,0.319441246,0.408933352,0.24444322,0.693189669,0.24444322,0.478424349,0.261899726,0.516665836
a,C2_mono_fixed,NCA,RMSE,10,0.92443345,0.263874,0.949308287,0.759426458,1.128458188,0.533166346,1.266626786,0.533166346,1.266626786,0.66055945,1.188307449
a,C2_mono_fixed,NCM,RMSE,10,1.562327683,0.096433303,1.560143302,1.491555938,1.634926025,1.428245938,1.707578404,1.428245938,1.707578404,1.465894379,1.658760986
a,C2_mono_fixed,NCM_LCO,RMSE,10,1.136076959,0.298542939,1.203212335,1.063082967,1.29098605,0.636986883,1.553190707,1.046030265,1.553190707,0.83753402,1.434619898
a,C2_mono_fixed,NCM_NCA,RMSE,10,1.043392712,0.24293423,1.026592326,0.862054995,1.160521557,0.754160874,1.471949717,0.754160874,1.471949717,0.800458481,1.286326942
a,C2_mono_fixed,Stanford_NCA,RMSE,10,0.812686142,0.108985277,0.79205922,0.730925541,0.917597204,0.677773351,0.97293549,0.677773351,0.97293549,0.703700865,0.921671419
a,C3_pde_mono_fixed,ALL_MATCHED,RMSE,80,0.878892082,0.374038567,0.781090962,0.683772203,1.096213764,0.139945158,1.812763166,0.139945158,1.583260677,0.504853515,1.252930648
a,C3_pde_mono_fixed,LCO,RMSE,10,0.794983908,0.147509242,0.773482433,0.6953212,0.806236845,0.663044536,1.16853972,0.663044536,0.865861957,0.647474667,0.94249315
a,C3_pde_mono_fixed,LFP,RMSE,10,0.727080309,0.036776992,0.726405127,0.705390986,0.738897087,0.672705342,0.810581475,0.672705342,0.745678137,0.690303317,0.7638573
a,C3_pde_mono_fixed,NA-ion,RMSE,10,0.474442627,0.395832927,0.354140636,0.254032462,0.443651556,0.139945158,1.46664211,0.139945158,0.447957587,0.0786097,0.870275554
a,C3_pde_mono_fixed,NCA,RMSE,10,0.699897891,0.255257915,0.689144886,0.492816792,0.892362262,0.346707337,1.065979491,0.346707337,1.065979491,0.444639976,0.955155806
a,C3_pde_mono_fixed,NCM,RMSE,10,1.466717049,0.191736514,1.479316518,1.410075696,1.552938188,1.086119946,1.812763166,1.301481125,1.583260677,1.274980535,1.658453563
a,C3_pde_mono_fixed,NCM_LCO,RMSE,10,1.212415444,0.237370526,1.239513738,1.131655234,1.38116707,0.706645152,1.499636485,0.996376617,1.499636485,0.975044918,1.44978597
a,C3_pde_mono_fixed,NCM_NCA,RMSE,10,0.781402969,0.206907502,0.797980633,0.748214501,0.920788295,0.406905775,1.021864553,0.740235321,1.021864553,0.574495467,0.98831047
a,C3_pde_mono_fixed,Stanford_NCA,RMSE,10,0.874196457,0.279796048,0.806340186,0.700438946,0.98131288,0.604047405,1.552083875,0.604047405,1.02015529,0.594400409,1.153992505
a,C4_pde_adaptive,ALL_MATCHED,RMSE,80,0.857090279,0.368689102,0.811933774,0.66010649,1.073477056,0.148042564,1.67965916,0.148042564,1.67965916,0.488401178,1.225779381
a,C4_pde_adaptive,LCO,RMSE,10,0.741451027,0.075194452,0.729238074,0.680593202,0.759724208,0.654590547,0.870050663,0.654590547,0.870050663,0.666256575,0.816645479
a,C4_pde_adaptive,LFP,RMSE,10,0.771431379,0.096986402,0.77723101,0.690772883,0.824921106,0.640451517,0.908962635,0.640451517,0.908962635,0.674444977,0.86841778
a,C4_pde_adaptive,NA-ion,RMSE,10,0.415795466,0.415892311,0.240355481,0.174372852,0.4028237,0.148042564,1.450546297,0.148042564,0.436331795,-9.68E-05,0.831687777
a,C4_pde_adaptive,NCA,RMSE,10,0.644011564,0.24689229,0.537693964,0.485649007,0.804309022,0.363879781,1.082281213,0.363879781,1.082281213,0.397119274,0.890903854
a,C4_pde_adaptive,NCM,RMSE,10,1.365127849,0.20931059,1.441348528,1.279052615,1.497247956,1.00731222,1.571664162,1.00731222,1.571664162,1.155817259,1.574438439
a,C4_pde_adaptive,NCM_LCO,RMSE,10,1.216325125,0.26256157,1.177132822,1.10838024,1.381664508,0.760465067,1.67965916,0.760465067,1.67965916,0.953763555,1.478886694
a,C4_pde_adaptive,NCM_NCA,RMSE,10,0.878962461,0.236216346,0.886562557,0.771216476,0.994321458,0.393377096,1.272540126,0.729399769,1.272540126,0.642746115,1.115178807
a,C4_pde_adaptive,Stanford_NCA,RMSE,10,0.823617366,0.232088226,0.742892985,0.670164035,0.917453769,0.54820133,1.308810568,0.54820133,1.069759126,0.59152914,1.055705591
a,C5_mono_adaptive,ALL_MATCHED,RMSE,80,0.912433704,0.365484639,0.831291021,0.691754052,1.159856787,0.144490739,1.835847622,0.144490739,1.835847622,0.546949065,1.277918344
a,C5_mono_adaptive,LCO,RMSE,10,0.737137513,0.08441389,0.708056804,0.671071066,0.78451399,0.648051837,0.91906579,0.648051837,0.91906579,0.652723622,0.821551403
a,C5_mono_adaptive,LFP,RMSE,10,0.913207009,0.308233013,0.795065731,0.744744501,0.830887893,0.692778615,1.577753993,0.692778615,0.834108832,0.604973996,1.221440022
a,C5_mono_adaptive,NA-ion,RMSE,10,0.478093821,0.443721676,0.334058636,0.256472887,0.487690245,0.144490739,1.653909413,0.144490739,0.688680362,0.034372145,0.921815498
a,C5_mono_adaptive,NCA,RMSE,10,0.894319179,0.230665839,0.910475864,0.796788458,1.060381559,0.49996263,1.163919586,0.49996263,1.163919586,0.66365334,1.124985018
a,C5_mono_adaptive,NCM,RMSE,10,1.383116709,0.182007174,1.401252358,1.322801656,1.490016256,1.028133737,1.659799986,1.179255648,1.659799986,1.201109534,1.565123883
a,C5_mono_adaptive,NCM_LCO,RMSE,10,1.233432543,0.322773503,1.179040439,1.099486444,1.375115216,0.632796448,1.835847622,1.035636669,1.559828219,0.910659039,1.556206046
a,C5_mono_adaptive,NCM_NCA,RMSE,10,0.910553619,0.167503509,0.87400253,0.805445462,0.980221485,0.698574971,1.297199065,0.698574971,1.00672376,0.74305011,1.078057128
a,C5_mono_adaptive,Stanford_NCA,RMSE,10,0.749609241,0.143880403,0.681798841,0.64380637,0.865799363,0.571634454,0.995265738,0.571634454,0.995265738,0.605728838,0.893489644
a,C6_unbounded,ALL_MATCHED,RMSE,80,0.827670192,0.36208168,0.766284275,0.660900329,1.007864834,0.143841247,1.655960828,0.143841247,1.491644792,0.465588512,1.189751871
a,C6_unbounded,LCO,RMSE,10,0.794142094,0.132453184,0.733153592,0.705999148,0.911033759,0.614667218,1.024685893,0.614667218,1.024685893,0.661688909,0.926595278
a,C6_unbounded,LFP,RMSE,10,0.791986533,0.118678993,0.759558426,0.702308107,0.86754309,0.655528856,1.003838331,0.655528856,1.003838331,0.673307541,0.910665526
a,C6_unbounded,NA-ion,RMSE,10,0.413156983,0.359401195,0.287842855,0.175148863,0.419315172,0.143841247,1.26540307,0.143841247,0.440683495,0.053755787,0.772558178
a,C6_unbounded,NCA,RMSE,10,0.545944574,0.229414321,0.451598852,0.386416382,0.62435217,0.358279212,1.019944344,0.358279212,0.857616868,0.316530253,0.775358894
a,C6_unbounded,NCM,RMSE,10,1.36208972,0.242277641,1.448792126,1.303620823,1.491428842,0.889861863,1.630759984,1.285015326,1.630759984,1.119812078,1.604367361
a,C6_unbounded,NCM_LCO,RMSE,10,1.078760643,0.328421445,1.067493344,0.809221889,1.22843117,0.677214237,1.655960828,0.677214237,1.655960828,0.750339198,1.407182088
a,C6_unbounded,NCM_NCA,RMSE,10,0.822075,0.175496592,0.785362301,0.760573486,0.890502846,0.510751316,1.199605595,0.744426902,0.936998334,0.646578408,0.997571592
a,C6_unbounded,Stanford_NCA,RMSE,10,0.813205987,0.265680496,0.700888503,0.668306847,0.87073613,0.615351414,1.472518593,0.615351414,1.021697931,0.547525491,1.078886484
a,C7_full,ALL_MATCHED,RMSE,80,0.529443133,0.2090143,0.565380114,0.364012172,0.675652607,0.123348122,1.013203338,0.123348122,1.013203338,0.320428833,0.738457432
a,C7_full,LCO,RMSE,10,0.596877825,0.042461486,0.596099044,0.571491313,0.630877644,0.52960813,0.65426724,0.52960813,0.65426724,0.55441634,0.639339311
a,C7_full,LFP,RMSE,10,0.742860697,0.086197572,0.755287847,0.662492774,0.808866776,0.634441618,0.86503448,0.634441618,0.86503448,0.656663125,0.829058269
a,C7_full,NA-ion,RMSE,10,0.176300522,0.053714701,0.167253922,0.134815427,0.193861272,0.123348122,0.294152554,0.123348122,0.232022582,0.12258582,0.230015223
a,C7_full,NCA,RMSE,10,0.336545578,0.023944061,0.333938631,0.31830903,0.355056982,0.302109914,0.376515556,0.302109914,0.376515556,0.312601517,0.360489639
a,C7_full,NCM,RMSE,10,0.714764451,0.057363252,0.714097777,0.683398405,0.719995343,0.631932681,0.839695707,0.631932681,0.763722835,0.657401198,0.772127703
a,C7_full,NCM_LCO,RMSE,10,0.535720345,0.043422204,0.532430341,0.505593827,0.561562576,0.47137849,0.617983378,0.47137849,0.617983378,0.492298141,0.579142549
a,C7_full,NCM_NCA,RMSE,10,0.386792398,0.024378135,0.380453083,0.370842317,0.400518556,0.356035074,0.431122957,0.356035074,0.431122957,0.362414263,0.411170533
a,C7_full,Stanford_NCA,RMSE,10,0.745683247,0.129122353,0.721014617,0.64890011,0.779945508,0.623595854,1.013203338,0.623595854,0.914850738,0.616560894,0.8748056
c,A1_cycle_only,ALL_MATCHED,RMSE,80,2.068075623,0.84217009,2.187961992,1.465493138,2.689637477,0.623751199,3.986903653,0.623751199,3.986903653,1.225905533,2.910245713
c,A1_cycle_only,LCO,RMSE,10,2.582032606,0.624914068,2.458319999,2.083301637,3.180964524,1.765784621,3.456168622,1.765784621,3.456168622,1.957118538,3.206946674
c,A1_cycle_only,LFP,RMSE,10,2.096164841,0.187797891,2.050661203,1.991502941,2.1948379,1.841588132,2.507239208,1.841588132,2.211795375,1.90836695,2.283962732
c,A1_cycle_only,NA-ion,RMSE,10,2.961679213,0.521352482,2.742386982,2.662893618,3.04387263,2.500060014,3.986903653,2.500060014,3.140682355,2.44032673,3.483031695
c,A1_cycle_only,NCA,RMSE,10,2.322656326,0.054512991,2.306320611,2.284740983,2.336698491,2.276368625,2.451924607,2.276368625,2.372425981,2.268143335,2.377169317
c,A1_cycle_only,NCM,RMSE,10,3.072464764,0.069308478,3.070393857,3.021155065,3.102804581,2.983432636,3.181403875,2.983432636,3.181403875,3.003156286,3.141773243
c,A1_cycle_only,NCM_LCO,RMSE,10,1.504232772,0.062282613,1.503550122,1.467870199,1.525421976,1.412355434,1.602101699,1.412355434,1.602101699,1.441950159,1.566515385
c,A1_cycle_only,NCM_NCA,RMSE,10,0.667631649,0.052414554,0.656112516,0.636110629,0.67327806,0.623751199,0.804637,0.623751199,0.689615542,0.615217095,0.720046204
c,A1_cycle_only,Stanford_NCA,RMSE,10,1.337742815,0.118590276,1.282157656,1.255333121,1.43629713,1.195653062,1.518947631,1.195653062,1.518947631,1.219152538,1.456333091
c,A2_features_only,ALL_MATCHED,RMSE,80,0.665643999,0.367567642,0.643002614,0.394173549,0.848676381,0.120584911,2.167128585,0.120584911,1.374338847,0.298076357,1.033211641
c,A2_features_only,LCO,RMSE,10,0.572838397,0.041116985,0.564468373,0.554141088,0.606423581,0.509717036,0.631704601,0.509717036,0.631704601,0.531721412,0.613955381
c,A2_features_only,LFP,RMSE,10,0.83700845,0.068333115,0.81482958,0.795005145,0.88810625,0.743153878,0.951534696,0.743153878,0.951534696,0.768675335,0.905341565
c,A2_features_only,NA-ion,RMSE,10,0.193111962,0.055554674,0.191830919,0.148239761,0.24070724,0.120584911,0.268879137,0.120584911,0.268879137,0.137557288,0.248666635
c,A2_features_only,NCA,RMSE,10,0.407604002,0.054461054,0.395900034,0.373055169,0.409136002,0.354133942,0.523848645,0.354133942,0.412464608,0.353142948,0.462065057
c,A2_features_only,NCM,RMSE,10,0.697780396,0.029078855,0.701050926,0.681830919,0.716945936,0.654300628,0.747497659,0.654300628,0.747497659,0.668701541,0.726859251
c,A2_features_only,NCM_LCO,RMSE,10,1.136046713,0.414828313,1.003762521,0.849807216,1.274155849,0.8016387,2.167128585,0.8016387,1.374338847,0.7212184,1.550875026
c,A2_features_only,NCM_NCA,RMSE,10,0.38878341,0.01987303,0.393446977,0.381450512,0.396704779,0.348870945,0.416672137,0.368360593,0.416672137,0.36891038,0.40865644
c,A2_features_only,Stanford_NCA,RMSE,10,1.091978662,0.319028044,1.008173497,0.962690194,1.070926036,0.84149912,1.970735006,0.84149912,1.127017662,0.772950617,1.411006706
c,A4_full,ALL_MATCHED,RMSE,80,0.529443133,0.2090143,0.565380114,0.364012172,0.675652607,0.123348122,1.013203338,0.123348122,1.013203338,0.320428833,0.738457432
c,A4_full,LCO,RMSE,10,0.596877825,0.042461486,0.596099044,0.571491313,0.630877644,0.52960813,0.65426724,0.52960813,0.65426724,0.55441634,0.639339311
c,A4_full,LFP,RMSE,10,0.742860697,0.086197572,0.755287847,0.662492774,0.808866776,0.634441618,0.86503448,0.634441618,0.86503448,0.656663125,0.829058269
c,A4_full,NA-ion,RMSE,10,0.176300522,0.053714701,0.167253922,0.134815427,0.193861272,0.123348122,0.294152554,0.123348122,0.232022582,0.12258582,0.230015223
c,A4_full,NCA,RMSE,10,0.336545578,0.023944061,0.333938631,0.31830903,0.355056982,0.302109914,0.376515556,0.302109914,0.376515556,0.312601517,0.360489639
c,A4_full,NCM,RMSE,10,0.714764451,0.057363252,0.714097777,0.683398405,0.719995343,0.631932681,0.839695707,0.631932681,0.763722835,0.657401198,0.772127703
c,A4_full,NCM_LCO,RMSE,10,0.535720345,0.043422204,0.532430341,0.505593827,0.561562576,0.47137849,0.617983378,0.47137849,0.617983378,0.492298141,0.579142549
c,A4_full,NCM_NCA,RMSE,10,0.386792398,0.024378135,0.380453083,0.370842317,0.400518556,0.356035074,0.431122957,0.356035074,0.431122957,0.362414263,0.411170533
c,A4_full,Stanford_NCA,RMSE,10,0.745683247,0.129122353,0.721014617,0.64890011,0.779945508,0.623595854,1.013203338,0.623595854,0.914850738,0.616560894,0.8748056
f,B1a_G_full,ALL_MATCHED,RMSE,80,0.529443133,0.2090143,0.565380114,0.364012172,0.675652607,0.123348122,1.013203338,0.123348122,1.013203338,0.320428833,0.738457432
f,B1a_G_full,LCO,RMSE,10,0.596877825,0.042461486,0.596099044,0.571491313,0.630877644,0.52960813,0.65426724,0.52960813,0.65426724,0.55441634,0.639339311
f,B1a_G_full,LFP,RMSE,10,0.742860697,0.086197572,0.755287847,0.662492774,0.808866776,0.634441618,0.86503448,0.634441618,0.86503448,0.656663125,0.829058269
f,B1a_G_full,NA-ion,RMSE,10,0.176300522,0.053714701,0.167253922,0.134815427,0.193861272,0.123348122,0.294152554,0.123348122,0.232022582,0.12258582,0.230015223
f,B1a_G_full,NCA,RMSE,10,0.336545578,0.023944061,0.333938631,0.31830903,0.355056982,0.302109914,0.376515556,0.302109914,0.376515556,0.312601517,0.360489639
f,B1a_G_full,NCM,RMSE,10,0.714764451,0.057363252,0.714097777,0.683398405,0.719995343,0.631932681,0.839695707,0.631932681,0.763722835,0.657401198,0.772127703
f,B1a_G_full,NCM_LCO,RMSE,10,0.535720345,0.043422204,0.532430341,0.505593827,0.561562576,0.47137849,0.617983378,0.47137849,0.617983378,0.492298141,0.579142549
f,B1a_G_full,NCM_NCA,RMSE,10,0.386792398,0.024378135,0.380453083,0.370842317,0.400518556,0.356035074,0.431122957,0.356035074,0.431122957,0.362414263,0.411170533
f,B1a_G_full,Stanford_NCA,RMSE,10,0.745683247,0.129122353,0.721014617,0.64890011,0.779945508,0.623595854,1.013203338,0.623595854,0.914850738,0.616560894,0.8748056
f,B1b_G_no_ut,ALL_MATCHED,RMSE,80,0.632650697,0.348569768,0.630672346,0.367776601,0.744978921,0.107863464,1.689460129,0.107863464,1.289315149,0.284080929,0.981220465
f,B1b_G_no_ut,LCO,RMSE,10,0.59700049,0.065647022,0.60519306,0.56197854,0.63419732,0.464560511,0.707296981,0.464560511,0.707296981,0.531353468,0.662647512
f,B1b_G_no_ut,LFP,RMSE,10,1.131923674,0.378271654,1.175138168,1.081286161,1.278072665,0.485171936,1.689460129,1.06441956,1.528024487,0.75365202,1.510195327
f,B1b_G_no_ut,NA-ion,RMSE,10,0.184971078,0.110180237,0.141371082,0.121777187,0.177927045,0.107863464,0.454125227,0.107863464,0.187216315,0.074790841,0.295151315
f,B1b_G_no_ut,NCA,RMSE,10,0.334828342,0.027222173,0.343918754,0.312784174,0.357106567,0.295517594,0.363428937,0.295517594,0.363428937,0.307606169,0.362050515
f,B1b_G_no_ut,NCM,RMSE,10,0.698764557,0.042727609,0.691204029,0.663581479,0.739830825,0.641730567,0.755287521,0.641730567,0.755287521,0.656036948,0.741492166
f,B1b_G_no_ut,NCM_LCO,RMSE,10,1.00542949,0.258236541,1.063183229,0.750943867,1.142565231,0.729270699,1.517502591,0.729270699,1.517502591,0.74719295,1.263666031
f,B1b_G_no_ut,NCM_NCA,RMSE,10,0.397446051,0.042752774,0.380771572,0.370897632,0.402440684,0.366931618,0.503560901,0.366931618,0.434445683,0.354693277,0.440198825
f,B1b_G_no_ut,Stanford_NCA,RMSE,10,0.710841892,0.093510777,0.678552315,0.658109575,0.750107667,0.599351851,0.934411027,0.599351851,0.755588152,0.617331115,0.804352669
f,B1c_G_no_ux,ALL_MATCHED,RMSE,80,0.612600285,0.354811864,0.576046715,0.359246967,0.703920133,0.09395032,1.93934422,0.09395032,1.218499988,0.257788421,0.967412149
f,B1c_G_no_ux,LCO,RMSE,10,0.573581392,0.04742031,0.56615558,0.541616161,0.605666451,0.498102233,0.656387955,0.498102233,0.656387955,0.526161082,0.621001702
f,B1c_G_no_ux,LFP,RMSE,10,1.042872942,0.493830905,1.214206126,0.538199861,1.318271481,0.486854045,1.93934422,0.486854045,1.93934422,0.549042037,1.536703847
f,B1c_G_no_ux,NA-ion,RMSE,10,0.167308695,0.08195591,0.1494631,0.118977015,0.181160538,0.09395032,0.380657264,0.09395032,0.189435435,0.085352785,0.249264605
f,B1c_G_no_ux,NCA,RMSE,10,0.335139201,0.023450839,0.332574255,0.318942039,0.343906862,0.307964929,0.386268692,0.307964929,0.352066406,0.311688363,0.35859004
f,B1c_G_no_ux,NCM,RMSE,10,0.680318717,0.038932072,0.679109502,0.658804807,0.694329105,0.61921645,0.767947873,0.61921645,0.699251285,0.641386645,0.719250789
f,B1c_G_no_ux,NCM_LCO,RMSE,10,0.93229569,0.280977251,0.777731091,0.712754275,1.178976544,0.668102363,1.438754518,0.668102363,1.438754518,0.651318439,1.213272942
f,B1c_G_no_ux,NCM_NCA,RMSE,10,0.386147499,0.029742933,0.391387311,0.362418324,0.411541678,0.336295506,0.420129066,0.336295506,0.420129066,0.356404566,0.415890432
f,B1c_G_no_ux,Stanford_NCA,RMSE,10,0.783138145,0.221614387,0.724287517,0.687568798,0.782311964,0.619577104,1.391800959,0.619577104,0.79416316,0.561523757,1.004752532
f,B1d_G_t_u,ALL_MATCHED,RMSE,80,0.611447121,0.322052867,0.614252966,0.3566853,0.736975239,0.091042917,1.479280367,0.091042917,1.251093391,0.289394254,0.933499989
f,B1d_G_t_u,LCO,RMSE,10,0.616785767,0.062583107,0.61858478,0.578350574,0.640491175,0.532823056,0.75498051,0.532823056,0.654536765,0.55420266,0.679368875
f,B1d_G_t_u,LFP,RMSE,10,0.964787612,0.403208479,0.911543192,0.593944883,1.314407145,0.561496336,1.479280367,0.561496336,1.479280367,0.561579132,1.367996091
f,B1d_G_t_u,NA-ion,RMSE,10,0.152155246,0.051646739,0.139267329,0.129672186,0.149506365,0.091042917,0.282962364,0.126428285,0.151423132,0.100508507,0.203801985
f,B1d_G_t_u,NCA,RMSE,10,0.325008561,0.018506051,0.32789784,0.318089291,0.33573549,0.280875247,0.347673637,0.318010873,0.347673637,0.306502509,0.343514612
f,B1d_G_t_u,NCM,RMSE,10,0.691909958,0.029554983,0.683224667,0.675809372,0.693483406,0.662282901,0.767163467,0.662282901,0.710611604,0.662354974,0.721464941
f,B1d_G_t_u,NCM_LCO,RMSE,10,0.9509762,0.185772164,0.952519383,0.76314105,1.122920145,0.735211838,1.182549167,0.735211838,1.182549167,0.765204037,1.136748364
f,B1d_G_t_u,NCM_NCA,RMSE,10,0.492270996,0.268554597,0.406311499,0.393246335,0.442395278,0.359689188,1.251093391,0.359689188,0.465619331,0.223716399,0.760825593
f,B1d_G_t_u,Stanford_NCA,RMSE,10,0.69768263,0.098858947,0.673780986,0.621378131,0.762496376,0.595901115,0.889998581,0.595901115,0.889998581,0.598823684,0.796541577
f,B1e_G_u_only,ALL_MATCHED,RMSE,80,0.697538007,0.38827137,0.676404149,0.365993386,0.924127363,0.09651088,1.731836051,0.09651088,1.731836051,0.309266637,1.085809376
f,B1e_G_u_only,LCO,RMSE,10,0.632308037,0.069192623,0.635789079,0.562734727,0.695038354,0.555571541,0.722841173,0.555571541,0.722841173,0.563115415,0.70150066
f,B1e_G_u_only,LFP,RMSE,10,1.142601129,0.339584484,1.200760808,1.105573634,1.401075418,0.536868768,1.502719987,1.097578369,1.502719987,0.803016644,1.482185613
f,B1e_G_u_only,NA-ion,RMSE,10,0.1605726,0.066497471,0.145907979,0.125585991,0.151974146,0.09651088,0.306981825,0.09651088,0.152132625,0.09407513,0.227070071
f,B1e_G_u_only,NCA,RMSE,10,0.328582877,0.011906754,0.327133469,0.318250747,0.336285337,0.313730817,0.34863092,0.313730817,0.34863092,0.316676123,0.340489631
f,B1e_G_u_only,NCM,RMSE,10,0.69727188,0.041287857,0.680945418,0.671374495,0.720995269,0.647367258,0.766362436,0.647367258,0.766362436,0.655984023,0.738559737
f,B1e_G_u_only,NCM_LCO,RMSE,10,0.995212886,0.182848958,0.909410603,0.849730195,1.13468715,0.806122925,1.293078717,0.806122925,1.293078717,0.812363929,1.178061844
f,B1e_G_u_only,NCM_NCA,RMSE,10,0.48905588,0.170523243,0.409396156,0.399064331,0.45756785,0.371780875,0.843150541,0.371780875,0.462594442,0.318532637,0.659579123
f,B1e_G_u_only,Stanford_NCA,RMSE,10,1.134698763,0.280840432,1.01728891,0.938426773,1.309423149,0.876584463,1.731836051,0.876584463,1.731836051,0.853858332,1.415539195
f,B3_G_frozen,ALL_MATCHED,RMSE,80,0.916775856,0.41432128,0.857406715,0.681414327,1.063650614,0.342408405,2.613749541,0.342408405,1.475659106,0.502454575,1.331097136
f,B3_G_frozen,LCO,RMSE,10,0.83107607,0.220988107,0.786448806,0.692117657,0.946775312,0.503782695,1.238693483,0.503782695,1.238693483,0.610087963,1.052064177
f,B3_G_frozen,LFP,RMSE,10,1.404162864,0.661051679,1.203909935,0.933360611,1.926670084,0.646202685,2.613749541,0.646202685,2.613749541,0.743111185,2.065214543
f,B3_G_frozen,NA-ion,RMSE,10,0.817208169,0.38697684,0.776858046,0.495584193,0.975968386,0.398764946,1.652108133,0.398764946,1.652108133,0.430231329,1.204185009
f,B3_G_frozen,NCA,RMSE,10,0.785399945,0.273658062,0.784295122,0.570452493,1.030153222,0.369026558,1.15302112,0.369026558,1.15302112,0.511741883,1.059058007
f,B3_G_frozen,NCM,RMSE,10,0.785125499,0.089821851,0.779868243,0.708902162,0.81231324,0.689402642,0.93379477,0.689402642,0.93379477,0.695303648,0.874947349
f,B3_G_frozen,NCM_LCO,RMSE,10,1.112316311,0.276930251,1.100436784,0.917130522,1.347843814,0.665618805,1.475659106,0.665618805,1.475659106,0.83538606,1.389246562
f,B3_G_frozen,NCM_NCA,RMSE,10,0.506939325,0.158237131,0.488749286,0.399773673,0.556457462,0.342408405,0.896080956,0.342408405,0.570263248,0.348702194,0.665176456
f,B3_G_frozen,Stanford_NCA,RMSE,10,1.091978662,0.319028044,1.008173497,0.962690194,1.070926036,0.84149912,1.970735006,0.84149912,1.127017662,0.772950617,1.411006706
g,B1a_G_full,ALL_MATCHED,final_pde_loss,80,2.60E-06,6.40E-06,1.21E-06,4.23E-07,2.04E-06,1.40E-07,4.85E-05,1.40E-07,4.28E-06,-3.81E-06,9.00E-06
g,B1a_G_full,LCO,final_pde_loss,10,1.39E-06,7.02E-07,1.33E-06,8.67E-07,1.51E-06,5.90E-07,2.82E-06,5.90E-07,2.32E-06,6.90E-07,2.09E-06
g,B1a_G_full,LFP,final_pde_loss,10,1.85E-06,7.00E-07,1.67E-06,1.50E-06,2.54E-06,5.38E-07,2.70E-06,5.38E-07,2.70E-06,1.15E-06,2.55E-06
g,B1a_G_full,NA-ion,final_pde_loss,10,1.40E-06,1.62E-06,4.92E-07,2.79E-07,2.35E-06,1.40E-07,4.73E-06,1.40E-07,4.73E-06,-2.23E-07,3.02E-06
g,B1a_G_full,NCA,final_pde_loss,10,3.61E-07,1.82E-07,3.05E-07,2.51E-07,4.07E-07,1.42E-07,7.12E-07,1.42E-07,6.31E-07,1.78E-07,5.43E-07
g,B1a_G_full,NCM,final_pde_loss,10,2.35E-06,1.43E-06,1.83E-06,1.45E-06,2.96E-06,1.06E-06,5.75E-06,1.06E-06,3.44E-06,9.21E-07,3.79E-06
g,B1a_G_full,NCM_LCO,final_pde_loss,10,8.85E-07,5.93E-07,5.80E-07,5.61E-07,1.13E-06,3.62E-07,2.16E-06,3.62E-07,1.61E-06,2.92E-07,1.48E-06
g,B1a_G_full,NCM_NCA,final_pde_loss,10,4.21E-07,2.02E-07,3.60E-07,2.81E-07,5.20E-07,2.06E-07,7.99E-07,2.06E-07,7.99E-07,2.20E-07,6.23E-07
g,B1a_G_full,Stanford_NCA,final_pde_loss,10,1.21E-05,1.53E-05,3.99E-06,2.05E-06,1.63E-05,1.24E-06,4.85E-05,1.24E-06,2.66E-05,-3.22E-06,2.75E-05
g,B1b_G_no_ut,ALL_MATCHED,final_pde_loss,80,7.16E-05,0.000296726,1.51E-06,5.87E-07,3.25E-06,8.10E-08,0.001970405,8.10E-08,6.38E-06,-0.000225086,0.000368366
g,B1b_G_no_ut,LCO,final_pde_loss,10,9.94E-07,5.51E-07,7.95E-07,5.92E-07,1.43E-06,3.64E-07,1.95E-06,3.64E-07,1.95E-06,4.43E-07,1.55E-06
g,B1b_G_no_ut,LFP,final_pde_loss,10,0.000552219,0.000692166,0.000283392,1.73E-05,0.000885163,1.66E-06,0.001970405,1.66E-06,0.001970405,-0.000139948,0.001244385
g,B1b_G_no_ut,NA-ion,final_pde_loss,10,4.96E-06,6.36E-06,9.26E-07,7.59E-07,9.78E-06,8.10E-08,1.56E-05,8.10E-08,1.56E-05,-1.40E-06,1.13E-05
g,B1b_G_no_ut,NCA,final_pde_loss,10,3.76E-07,1.67E-07,2.96E-07,2.53E-07,4.90E-07,2.00E-07,6.83E-07,2.00E-07,6.83E-07,2.09E-07,5.44E-07
g,B1b_G_no_ut,NCM,final_pde_loss,10,2.16E-06,9.48E-07,1.99E-06,1.39E-06,2.74E-06,1.24E-06,4.16E-06,1.24E-06,4.16E-06,1.21E-06,3.10E-06
g,B1b_G_no_ut,NCM_LCO,final_pde_loss,10,1.92E-06,1.02E-06,1.53E-06,1.32E-06,2.14E-06,8.44E-07,4.08E-06,8.44E-07,3.24E-06,9.02E-07,2.93E-06
g,B1b_G_no_ut,NCM_NCA,final_pde_loss,10,7.00E-07,8.61E-07,2.96E-07,1.82E-07,6.11E-07,1.36E-07,2.33E-06,1.36E-07,6.65E-07,-1.61E-07,1.56E-06
g,B1b_G_no_ut,Stanford_NCA,final_pde_loss,10,9.79E-06,1.90E-05,3.54E-06,2.56E-06,5.78E-06,2.13E-06,6.36E-05,2.13E-06,7.33E-06,-9.20E-06,2.88E-05
g,B1c_G_no_ux,ALL_MATCHED,final_pde_loss,80,0.000114635,0.000521855,1.47E-06,5.79E-07,3.11E-06,1.02E-07,0.003026193,1.02E-07,6.22E-06,-0.00040722,0.00063649
g,B1c_G_no_ux,LCO,final_pde_loss,10,1.34E-06,8.02E-07,1.14E-06,7.30E-07,1.71E-06,5.74E-07,3.13E-06,5.74E-07,3.13E-06,5.33E-07,2.14E-06
g,B1c_G_no_ux,LFP,final_pde_loss,10,0.000895196,0.001271392,7.72E-06,1.86E-06,0.001752209,1.01E-06,0.003026193,1.01E-06,0.003026193,-0.000376195,0.002166588
g,B1c_G_no_ux,NA-ion,final_pde_loss,10,5.46E-06,9.98E-06,1.25E-06,4.31E-07,3.19E-06,1.02E-07,3.12E-05,1.02E-07,3.70E-06,-4.52E-06,1.54E-05
g,B1c_G_no_ux,NCA,final_pde_loss,10,3.89E-07,1.17E-07,3.78E-07,2.87E-07,4.82E-07,2.45E-07,5.83E-07,2.45E-07,5.83E-07,2.72E-07,5.07E-07
g,B1c_G_no_ux,NCM,final_pde_loss,10,2.30E-06,7.47E-07,2.13E-06,1.78E-06,2.86E-06,1.31E-06,3.67E-06,1.31E-06,3.67E-06,1.55E-06,3.04E-06
g,B1c_G_no_ux,NCM_LCO,final_pde_loss,10,1.76E-06,1.22E-06,1.47E-06,1.17E-06,1.91E-06,6.77E-07,4.99E-06,6.77E-07,1.97E-06,5.38E-07,2.98E-06
g,B1c_G_no_ux,NCM_NCA,final_pde_loss,10,6.99E-07,8.80E-07,3.88E-07,2.72E-07,6.05E-07,2.08E-07,3.13E-06,2.08E-07,8.58E-07,-1.81E-07,1.58E-06
g,B1c_G_no_ux,Stanford_NCA,final_pde_loss,10,9.95E-06,1.32E-05,4.96E-06,3.50E-06,8.46E-06,1.19E-06,4.51E-05,1.19E-06,9.53E-06,-3.25E-06,2.32E-05
g,B1d_G_t_u,ALL_MATCHED,final_pde_loss,80,5.07E-05,0.000267484,1.26E-06,4.72E-07,2.27E-06,6.08E-08,0.001881614,6.08E-08,4.95E-06,-0.000216737,0.000318231
g,B1d_G_t_u,LCO,final_pde_loss,10,1.13E-06,4.62E-07,1.01E-06,8.52E-07,1.42E-06,4.84E-07,2.03E-06,4.84E-07,2.03E-06,6.73E-07,1.60E-06
g,B1d_G_t_u,LFP,final_pde_loss,10,0.000394856,0.000691113,5.44E-06,1.80E-06,0.000507862,1.31E-06,0.001881614,1.31E-06,0.000673581,-0.000296257,0.001085969
g,B1d_G_t_u,NA-ion,final_pde_loss,10,2.59E-06,4.31E-06,8.05E-07,2.79E-07,2.27E-06,6.08E-08,1.38E-05,6.08E-08,2.61E-06,-1.72E-06,6.90E-06
g,B1d_G_t_u,NCA,final_pde_loss,10,4.12E-07,2.98E-07,2.83E-07,2.34E-07,4.78E-07,1.71E-07,1.16E-06,1.71E-07,6.17E-07,1.14E-07,7.11E-07
g,B1d_G_t_u,NCM,final_pde_loss,10,2.10E-06,4.40E-07,2.04E-06,1.93E-06,2.34E-06,1.25E-06,2.92E-06,1.82E-06,2.92E-06,1.66E-06,2.54E-06
g,B1d_G_t_u,NCM_LCO,final_pde_loss,10,1.17E-06,7.03E-07,9.99E-07,6.50E-07,1.43E-06,5.76E-07,2.84E-06,5.76E-07,1.68E-06,4.70E-07,1.88E-06
g,B1d_G_t_u,NCM_NCA,final_pde_loss,10,8.55E-07,1.69E-06,3.26E-07,2.90E-07,4.07E-07,1.55E-07,5.66E-06,1.55E-07,4.82E-07,-8.36E-07,2.55E-06
g,B1d_G_t_u,Stanford_NCA,final_pde_loss,10,2.85E-06,9.78E-07,2.70E-06,1.99E-06,3.54E-06,1.68E-06,4.65E-06,1.68E-06,4.65E-06,1.87E-06,3.83E-06
g,B1e_G_u_only,ALL_MATCHED,final_pde_loss,80,0.000100142,0.000437672,1.73E-06,7.23E-07,5.31E-06,4.83E-08,0.003270496,4.83E-08,1.19E-05,-0.00033753,0.000537813
g,B1e_G_u_only,LCO,final_pde_loss,10,8.60E-07,2.59E-07,7.55E-07,6.86E-07,8.99E-07,6.21E-07,1.36E-06,6.21E-07,9.08E-07,6.01E-07,1.12E-06
g,B1e_G_u_only,LFP,final_pde_loss,10,0.000762685,0.001059602,0.000361466,5.33E-06,0.001205805,1.01E-06,0.003270496,1.01E-06,0.001613338,-0.000296918,0.001822287
g,B1e_G_u_only,NA-ion,final_pde_loss,10,1.81E-06,4.14E-06,2.81E-07,1.53E-07,9.39E-07,4.83E-08,1.35E-05,4.83E-08,1.89E-06,-2.34E-06,5.95E-06
g,B1e_G_u_only,NCA,final_pde_loss,10,1.21E-06,1.15E-06,9.20E-07,4.90E-07,1.38E-06,2.05E-07,4.16E-06,2.05E-07,1.69E-06,5.66E-08,2.35E-06
g,B1e_G_u_only,NCM,final_pde_loss,10,2.59E-06,1.05E-06,2.53E-06,2.21E-06,2.74E-06,1.27E-06,5.15E-06,1.51E-06,2.97E-06,1.54E-06,3.64E-06
g,B1e_G_u_only,NCM_LCO,final_pde_loss,10,1.89E-06,7.54E-07,1.84E-06,1.31E-06,2.10E-06,9.65E-07,3.27E-06,9.65E-07,3.27E-06,1.14E-06,2.65E-06
g,B1e_G_u_only,NCM_NCA,final_pde_loss,10,2.39E-06,2.93E-06,9.90E-07,2.76E-07,3.09E-06,8.26E-08,8.32E-06,8.26E-08,6.67E-06,-5.40E-07,5.33E-06
g,B1e_G_u_only,Stanford_NCA,final_pde_loss,10,2.77E-05,2.45E-05,1.62E-05,9.72E-06,4.24E-05,5.79E-06,7.77E-05,5.79E-06,7.77E-05,3.24E-06,5.22E-05
g,B3_G_frozen,ALL_MATCHED,final_pde_loss,80,9.68E-05,0.000476183,2.93E-06,1.56E-06,4.91E-06,2.52E-07,0.003499768,2.52E-07,9.23E-06,-0.000379377,0.000572989
g,B3_G_frozen,LCO,final_pde_loss,10,4.01E-06,2.25E-06,3.80E-06,2.57E-06,4.87E-06,1.17E-06,9.23E-06,1.17E-06,5.05E-06,1.76E-06,6.26E-06
g,B3_G_frozen,LFP,final_pde_loss,10,0.000692098,0.001230085,1.60E-05,4.30E-06,0.000812512,1.77E-06,0.003499768,1.77E-06,0.001058441,-0.000537987,0.001922184
g,B3_G_frozen,NA-ion,final_pde_loss,10,6.53E-05,0.000153342,1.70E-05,5.41E-06,2.94E-05,1.24E-06,0.000499882,1.24E-06,4.49E-05,-8.81E-05,0.0002186
g,B3_G_frozen,NCA,final_pde_loss,10,1.33E-06,9.72E-07,1.08E-06,5.96E-07,1.81E-06,2.52E-07,3.31E-06,2.52E-07,3.31E-06,3.54E-07,2.30E-06
g,B3_G_frozen,NCM,final_pde_loss,10,2.89E-06,9.54E-07,2.86E-06,2.56E-06,3.13E-06,1.57E-06,5.10E-06,1.82E-06,3.25E-06,1.94E-06,3.85E-06
g,B3_G_frozen,NCM_LCO,final_pde_loss,10,2.54E-06,1.62E-06,2.00E-06,1.45E-06,2.79E-06,1.14E-06,6.05E-06,1.14E-06,4.69E-06,9.22E-07,4.15E-06
g,B3_G_frozen,NCM_NCA,final_pde_loss,10,2.11E-06,3.15E-06,7.78E-07,6.08E-07,2.08E-06,4.53E-07,1.07E-05,4.53E-07,3.04E-06,-1.04E-06,5.26E-06
g,B3_G_frozen,Stanford_NCA,final_pde_loss,10,4.22E-06,3.00E-06,3.34E-06,2.84E-06,3.96E-06,2.48E-06,1.26E-05,2.48E-06,4.17E-06,1.21E-06,7.22E-06
h,F1_spline,ALL_MATCHED,RMSE,60,0.45783352,0.184280697,0.451250724,0.337599788,0.601936015,0.123348122,0.839695707,0.123348122,0.839695707,0.273552823,0.642114217
h,F1_spline,LCO,RMSE,10,0.596877825,0.042461486,0.596099044,0.571491313,0.630877644,0.52960813,0.65426724,0.52960813,0.65426724,0.55441634,0.639339311
h,F1_spline,NA-ion,RMSE,10,0.176300522,0.053714701,0.167253922,0.134815427,0.193861272,0.123348122,0.294152554,0.123348122,0.232022582,0.12258582,0.230015223
h,F1_spline,NCA,RMSE,10,0.336545578,0.023944061,0.333938631,0.31830903,0.355056982,0.302109914,0.376515556,0.302109914,0.376515556,0.312601517,0.360489639
h,F1_spline,NCM,RMSE,10,0.714764451,0.057363252,0.714097777,0.683398405,0.719995343,0.631932681,0.839695707,0.631932681,0.763722835,0.657401198,0.772127703
h,F1_spline,NCM_LCO,RMSE,10,0.535720345,0.043422204,0.532430341,0.505593827,0.561562576,0.47137849,0.617983378,0.47137849,0.617983378,0.492298141,0.579142549
h,F1_spline,NCM_NCA,RMSE,10,0.386792398,0.024378135,0.380453083,0.370842317,0.400518556,0.356035074,0.431122957,0.356035074,0.431122957,0.362414263,0.411170533
h,F2_fourier,ALL_MATCHED,RMSE,60,1.875540283,0.592743865,1.826036628,1.499022357,2.200325718,0.72969445,4.122656956,0.72969445,2.878700942,1.282796418,2.468284147
h,F2_fourier,LCO,RMSE,10,1.947377482,0.516162475,1.896394603,1.606715936,2.283884073,1.206745859,2.878700942,1.206745859,2.878700942,1.431215008,2.463539957
h,F2_fourier,NA-ion,RMSE,10,1.865371722,0.781441452,1.892269496,1.540156105,2.235381398,0.72969445,3.471746668,0.72969445,2.262509614,1.08393027,2.646813174
h,F2_fourier,NCA,RMSE,10,1.985218031,0.394149127,1.89558696,1.68333808,2.382909646,1.407585759,2.475870959,1.407585759,2.475870959,1.591068904,2.379367159
h,F2_fourier,NCM,RMSE,10,1.445045043,0.30004391,1.368664857,1.20973147,1.657291432,1.139310375,2.021004632,1.139310375,2.021004632,1.145001133,1.745088952
h,F2_fourier,NCM_LCO,RMSE,10,2.283585444,0.694494483,2.140780259,2.066980908,2.195290849,1.672953553,4.122656956,2.059186436,2.196197771,1.589090961,2.978079928
h,F2_fourier,NCM_NCA,RMSE,10,1.726643974,0.513536407,1.697481424,1.475317171,1.972211339,0.982752349,2.501153573,0.982752349,2.501153573,1.213107567,2.240180381
h,F4_wavelet,ALL_MATCHED,RMSE,60,1.220012534,0.576731716,1.010648627,0.903168391,1.26523925,0.516857905,2.841318399,0.516857905,1.433039177,0.643280817,1.79674425
h,F4_wavelet,LCO,RMSE,10,0.983885219,0.086969732,0.989419967,0.927136187,1.048328308,0.829639472,1.105602924,0.829639472,1.105602924,0.896915487,1.070854952
h,F4_wavelet,NA-ion,RMSE,10,1.016854388,0.302188071,1.02096023,0.835481915,1.27126812,0.516857905,1.433039177,0.516857905,1.433039177,0.714666317,1.319042458
h,F4_wavelet,NCA,RMSE,10,0.982109206,0.213900975,0.930704921,0.873395987,1.095519983,0.675066747,1.384469587,0.675066747,1.384469587,0.768208231,1.196010181
h,F4_wavelet,NCM,RMSE,10,1.070883628,0.158997809,1.045716833,0.979762408,1.146700862,0.83191162,1.401181426,0.83191162,1.203169301,0.911885819,1.229881437
h,F4_wavelet,NCM_LCO,RMSE,10,2.405091543,0.290923796,2.485087607,2.264836105,2.572729625,1.872846484,2.841318399,1.872846484,2.841318399,2.114167747,2.696015338
h,F4_wavelet,NCM_NCA,RMSE,10,0.861251219,0.164551348,0.874436367,0.756876566,0.941277994,0.633907923,1.170591544,0.633907923,1.170591544,0.696699871,1.025802567
h,F5_legendre,ALL_MATCHED,RMSE,60,0.875706268,0.399158648,0.820270646,0.576553342,1.057819556,0.247997465,1.991009712,0.247997465,1.686358452,0.476547621,1.274864916
h,F5_legendre,LCO,RMSE,10,0.871112994,0.303491675,0.793618802,0.684067735,0.942002563,0.548145082,1.447705459,0.548145082,0.976755004,0.567621319,1.174604669
h,F5_legendre,NA-ion,RMSE,10,0.524411038,0.295529258,0.402183458,0.34808378,0.59477879,0.247997465,1.153313741,0.247997465,0.917359162,0.22888178,0.819940297
h,F5_legendre,NCA,RMSE,10,0.558979348,0.072520911,0.555392075,0.514582929,0.613633939,0.439002737,0.671495311,0.439002737,0.671495311,0.486458437,0.631500259
h,F5_legendre,NCM,RMSE,10,0.920743747,0.107206966,0.892854063,0.860706507,0.924181403,0.812814571,1.152064279,0.812814571,0.933004636,0.81353678,1.027950713
h,F5_legendre,NCM_LCO,RMSE,10,1.562081231,0.228791298,1.505062729,1.367592392,1.681672782,1.321045868,1.991009712,1.321045868,1.991009712,1.333289933,1.790872528
h,F5_legendre,NCM_NCA,RMSE,10,0.816909252,0.133345961,0.813476136,0.750018971,0.898487354,0.57822112,1.054472663,0.57822112,1.054472663,0.683563291,0.950255213
e,E_consensus,NCM,RMSE,10,0.667009526,0.03481283,0.666139065,0.643897231,0.697932031,0.61581363,0.715338532,0.61581363,0.715338532,0.632196696,0.701822356
e,E_maxupper,NCM,RMSE,10,0.769333835,0.104513304,0.752396137,0.715632958,0.781060476,0.648156507,1.010284852,0.648156507,0.869932491,0.664820531,0.873847139
e,E_medscore,NCM,RMSE,10,0.678668083,0.088425845,0.662304251,0.630683696,0.686616765,0.579346716,0.90379985,0.579346716,0.722164148,0.590242237,0.767093928
e,E_minlower,NCM,RMSE,10,0.515024532,0.044536423,0.508648087,0.4968539,0.523587409,0.453325128,0.625754939,0.485497154,0.526967645,0.470488108,0.559560955
e,E_consensus,Stanford_NCA,RMSE,10,0.729339537,0.069921905,0.72598632,0.691374857,0.785532244,0.593698723,0.832226127,0.593698723,0.832226127,0.659417632,0.799261442
e,E_maxupper,Stanford_NCA,RMSE,10,0.746298195,0.159434697,0.70558337,0.663603656,0.734348386,0.608897908,1.159031689,0.608897908,0.734913629,0.586863498,0.905732892
e,E_medscore,Stanford_NCA,RMSE,10,0.822585225,0.063990459,0.857920852,0.77269373,0.865370058,0.697646523,0.882552844,0.697646523,0.882552844,0.758594766,0.886575685
e,E_minlower,Stanford_NCA,RMSE,10,0.822585225,0.063990459,0.857920852,0.77269373,0.865370058,0.697646523,0.882552844,0.697646523,0.882552844,0.758594766,0.886575685
b,C1_pde_fixed,NCM,relative_RMSE,10,61.11599914,29.55941763,62.89638392,45.50187832,77.8187541,7.514721744,106.4449483,7.514721744,106.4449483,31.55658151,90.67541677
b,C2_mono_fixed,NCM,relative_RMSE,10,66.43344921,24.97606553,67.46509778,63.7223909,82.86659348,10.33751619,100.0840203,43.56296461,100.0840203,41.45738368,91.40951474
b,C3_pde_mono_fixed,NCM,relative_RMSE,10,56.2481291,29.01848798,59.82841864,31.79798164,75.38512157,12.48220746,99.6683982,12.48220746,99.6683982,27.22964112,85.26661708
b,C4_pde_adaptive,NCM,relative_RMSE,10,45.42591738,29.07566362,51.95311901,18.43854852,67.90479827,3.735599087,85.35224077,3.735599087,85.35224077,16.35025376,74.501581
b,C5_mono_adaptive,NCM,relative_RMSE,10,47.34225542,22.98179045,52.87550894,32.81166204,61.30726031,1.653651142,78.89825789,1.653651142,78.89825789,24.36046497,70.32404587
b,C6_unbounded,NCM,relative_RMSE,10,45.10226802,31.39087912,48.748857,18.67096289,73.08166813,1.352501485,84.07995834,1.352501485,84.07995834,13.7113889,76.49314715
b,C7_full,NCM,relative_RMSE,10,-23.85674644,21.03912934,-17.95583305,-29.27782554,-16.74271716,-75.93698129,1.428687153,-34.41492378,1.428687153,-44.89587578,-2.817617095
b,C1_pde_fixed,NCA,relative_RMSE,10,5.203823429,43.61751858,-7.776547482,-24.85134561,30.94289879,-47.16942451,83.71879541,-47.16942451,83.71879541,-38.41369515,48.82134201
b,C2_mono_fixed,NCA,relative_RMSE,10,70.28958026,47.07626756,64.24272206,37.09201731,112.3190821,4.660450894,131.2167858,4.660450894,131.2167858,23.2133127,117.3658478
b,C3_pde_mono_fixed,NCA,relative_RMSE,10,28.9279591,39.76267655,39.88251832,-13.45110463,63.1736977,-18.62584212,79.89755536,-18.62584212,79.89755536,-10.83471745,68.69063565
b,C4_pde_adaptive,NCA,relative_RMSE,10,18.63315738,35.52445331,4.385928259,-11.45767467,47.50121584,-15.46251186,82.90049013,-15.46251186,82.90049013,-16.89129593,54.15761069
b,C5_mono_adaptive,NCA,relative_RMSE,10,64.74224039,41.04804195,59.51448801,48.02310931,100.3750218,-4.455482702,113.6812794,-4.455482702,113.6812794,23.69419844,105.7902823
b,C6_unbounded,NCA,relative_RMSE,10,0.568269498,39.3695251,-11.03783952,-17.83927901,21.20095523,-55.67471493,71.41743605,-55.67471493,71.41743605,-38.8012556,39.9377946
b,C7_full,NCA,relative_RMSE,10,-38.00505036,13.79738977,-37.83143646,-42.97303876,-34.23594407,-65.85314654,-16.73532071,-47.10836825,-33.38354969,-51.80244013,-24.20766059
b,C1_pde_fixed,LFP,relative_RMSE,10,-22.50222622,24.98215044,-18.40301854,-30.90763072,-3.67878869,-75.01688533,3.128313811,-49.55483879,3.128313811,-47.48437666,2.47992422
b,C2_mono_fixed,LFP,relative_RMSE,10,-17.60727756,30.3349679,-10.50653972,-35.0536974,-1.348192178,-82.51410057,18.4973733,-82.51410057,18.4973733,-47.94224545,12.72769034
b,C3_pde_mono_fixed,LFP,relative_RMSE,10,-20.85117103,24.14410657,-13.33751733,-31.78704348,-2.967867233,-72.72868419,3.572166687,-72.72868419,3.572166687,-44.9952776,3.292935538
b,C4_pde_adaptive,LFP,relative_RMSE,10,-16.02318268,20.81006337,-11.85991822,-31.25614607,1.78749064,-53.48740818,7.944363567,-53.48740818,7.944363567,-36.83324605,4.786880692
b,C5_mono_adaptive,LFP,relative_RMSE,10,-0.589708584,39.7395785,0.179050352,-23.42761631,9.628647714,-72.96333997,61.0315235,-72.96333997,57.18612411,-40.32928709,39.14986992
b,C6_unbounded,LFP,relative_RMSE,10,-13.78558058,28.7221925,-10.54517848,-20.2717758,3.200752746,-76.49889913,18.469852,-42.28261328,18.469852,-42.50777308,14.93661191
b,C7_full,LFP,relative_RMSE,10,-19.13334253,24.64702648,-12.04003549,-27.3996172,-1.448060203,-68.7254196,8.822604089,-51.21665682,8.822604089,-43.78036902,5.513683951
b,C1_pde_fixed,NCM_NCA,relative_RMSE,10,65.49604216,47.46146549,65.72890566,46.70421889,98.90752527,-27.19526267,132.3649584,-27.19526267,132.3649584,18.03457667,112.9575077
b,C2_mono_fixed,NCM_NCA,relative_RMSE,10,116.7342769,47.18479361,110.2280473,74.53763104,154.7842446,66.23961134,185.5612361,66.23961134,185.5612361,69.54948331,163.9190705
b,C3_pde_mono_fixed,NCM_NCA,relative_RMSE,10,62.31358096,47.03060545,69.43661199,53.57335159,94.6754611,-25.11096148,126.5325159,-6.000519252,126.5325159,15.28297551,109.3441864
b,C4_pde_adaptive,NCM_NCA,relative_RMSE,10,82.57870822,47.59107715,89.28787729,50.14686681,115.265184,-8.810706184,144.139734,-8.810706184,144.139734,34.98763107,130.1697854
b,C5_mono_adaptive,NCM_NCA,relative_RMSE,10,89.14084602,31.74822986,81.95816476,62.30233903,106.9331894,53.69720146,149.2619064,53.69720146,149.2619064,57.39261616,120.8890759
b,C6_unbounded,NCM_NCA,relative_RMSE,10,70.7620043,31.59278095,69.868102,56.44598937,82.92385925,20.36371047,128.9897214,20.36371047,103.9623238,39.16922335,102.3547853
b,C7_full,NCM_NCA,relative_RMSE,10,-19.65520769,17.30091837,-14.51468837,-30.2818261,-9.167935876,-53.86038849,1.085882195,-53.86038849,1.085882195,-36.95612606,-2.354289316
b,C1_pde_fixed,LCO,relative_RMSE,10,12.0332584,29.27330515,15.97168103,-5.829346613,35.62867413,-48.08479286,45.97399411,-48.08479286,45.97399411,-17.24004675,41.30656355
b,C2_mono_fixed,LCO,relative_RMSE,10,16.11517157,20.97548955,15.68993465,3.894291133,30.6078362,-24.82569936,48.98067066,-24.82569936,48.98067066,-4.860317978,37.09066111
b,C3_pde_mono_fixed,LCO,relative_RMSE,10,16.14790516,29.47971622,28.72580417,8.799789876,30.9425224,-55.30909805,45.13094663,-6.669498544,45.13094663,-13.33181106,45.62762137
b,C4_pde_adaptive,LCO,relative_RMSE,10,8.326700275,26.68733869,8.646387091,0.334116141,27.7428125,-48.06730831,42.58222744,-11.96477783,42.58222744,-18.36063842,35.01403897
b,C5_mono_adaptive,LCO,relative_RMSE,10,7.696491711,27.42290677,4.20788838,0.14785093,27.8115937,-55.46095641,43.9868817,-4.803621159,43.9868817,-19.72641506,35.11939848
b,C6_unbounded,LCO,relative_RMSE,10,16.02491519,31.21877935,17.39951076,-0.648701667,35.85744338,-44.57072213,60.65610692,-44.57072213,60.65610692,-15.19386416,47.24369455
b,C7_full,LCO,relative_RMSE,10,-12.79558199,29.76572782,-3.725388316,-20.82212424,8.285815409,-72.57879728,20.31899737,-52.73559259,20.31899737,-42.56130982,16.97014583
b,C1_pde_fixed,NCM_LCO,relative_RMSE,10,9.488532464,28.73784215,1.943702283,-4.553075508,18.89318507,-27.63600138,63.12077851,-27.63600138,48.82051426,-19.24930969,38.22637462
b,C2_mono_fixed,NCM_LCO,relative_RMSE,10,-0.525611946,37.83759962,0.234438467,-25.35914081,29.63618696,-51.78202208,56.21242191,-51.78202208,56.21242191,-38.36321156,37.31198767
b,C3_pde_mono_fixed,NCM_LCO,relative_RMSE,10,6.158551479,20.8278874,3.947504303,-3.941123052,16.85901095,-31.48395058,37.83186671,-31.48395058,37.83186671,-14.66933592,26.98643888
b,C4_pde_adaptive,NCM_LCO,relative_RMSE,10,6.500881351,30.02218924,2.778304995,-13.2231561,12.16465104,-26.77150302,67.28594281,-26.77150302,45.50692128,-23.52130789,36.52307059
b,C5_mono_adaptive,NCM_LCO,relative_RMSE,10,7.99879919,39.50547333,11.29364989,-17.50260446,18.04206876,-51.60109636,80.96173434,-51.60109636,56.49439023,-31.50667414,47.50427252
b,C6_unbounded,NCM_LCO,relative_RMSE,10,-5.544202877,36.17073097,-11.08993067,-30.20044248,0.344811932,-48.40515965,65.21092753,-48.40515965,44.88000365,-41.71493384,30.62652809
b,C7_full,NCM_LCO,relative_RMSE,10,-53.09256735,17.31099931,-51.83610534,-63.28515318,-37.97488055,-88.07022353,-33.28922038,-88.07022353,-33.28922038,-70.40356666,-35.78156804
b,C1_pde_fixed,NA-ion,relative_RMSE,10,-1.441956172,94.15572467,-17.9684646,-61.63372232,29.81008914,-97.89598708,225.6864301,-97.89598708,46.0472891,-95.59768084,92.7137685
b,C2_mono_fixed,NA-ion,relative_RMSE,10,-13.88202181,38.23752261,-17.4057753,-29.2368766,4.31994939,-90.39871442,41.8174402,-42.09837508,41.8174402,-52.11954442,24.3555008
b,C3_pde_mono_fixed,NA-ion,relative_RMSE,10,4.957223439,89.30907606,-25.3166903,-36.87859986,31.01719261,-100.5899576,225.7146694,-100.5899576,46.21695477,-84.35185262,94.2662995
b,C4_pde_adaptive,NA-ion,relative_RMSE,10,-8.01682839,97.83239242,-19.37012138,-74.00306175,27.8100119,-108.8173288,222.1539188,-108.8173288,47.45542976,-105.8492208,89.81556403
b,C5_mono_adaptive,NA-ion,relative_RMSE,10,5.764948541,100.4602831,-21.4003175,-43.29780306,21.51887556,-96.95678742,267.1423469,-96.95678742,39.30804729,-94.69533455,106.2252316
b,C6_unbounded,NA-ion,relative_RMSE,10,-8.600519202,84.10505087,-23.25015492,-70.81830698,27.96082184,-105.0073598,181.1961338,-105.0073598,48.41812228,-92.70557007,75.50453167
b,C7_full,NA-ion,relative_RMSE,10,-60.99841752,42.68039572,-66.40755998,-81.56986702,-24.3708211,-126.6491993,-3.154497521,-126.6491993,-3.154497521,-103.6788132,-18.3180218
b,C1_pde_fixed,Stanford_NCA,relative_RMSE,10,0.707655056,40.76884207,-9.797996897,-15.75863351,21.68415342,-72.94868847,78.44810985,-23.4148691,39.19670856,-40.06118701,41.47649713
b,C2_mono_fixed,Stanford_NCA,relative_RMSE,10,-3.990111671,23.27312446,-2.28723714,-14.18202512,6.402555826,-44.65740959,30.78778176,-44.65740959,30.78778176,-27.26323613,19.28301279
b,C3_pde_mono_fixed,Stanford_NCA,relative_RMSE,10,3.276652481,44.43618285,-4.997612024,-16.90046241,23.77181812,-70.53439941,97.41508644,-70.53439941,36.36627937,-41.15953037,47.71283533
b,C4_pde_adaptive,Stanford_NCA,relative_RMSE,10,-2.698708349,40.28438174,-12.41696283,-17.39898031,16.13429273,-77.27618298,68.67503316,-30.28245416,42.22642449,-42.98309009,37.58567339
b,C5_mono_adaptive,Stanford_NCA,relative_RMSE,10,-11.44195057,32.03506408,-12.29146031,-25.81003367,14.79920164,-80.23769794,27.74643801,-80.23769794,27.74643801,-43.47701464,20.59311351
b,C6_unbounded,Stanford_NCA,relative_RMSE,10,-3.928697685,42.18111439,-11.68562384,-19.20323663,5.849656882,-75.24717951,88.01532747,-27.06709682,30.86910952,-46.10981207,38.2524167
b,C7_full,Stanford_NCA,relative_RMSE,10,-11.90576336,29.22148729,-13.04289532,-22.11675926,4.656517283,-70.87075132,29.86556719,-35.06961798,29.86556719,-41.12725064,17.31572393
d,A7_LOFO_ChargingTime,NCA,relative_RMSE,10,-5.482802355,10.26242716,-5.875316877,-10.88707358,-0.617623308,-23.59346703,13.41598105,-23.59346703,13.41598105,-15.74522951,4.779624803
d,A7_LOFO_VoltageCurvature,NCA,relative_RMSE,10,-0.527048195,14.40017172,2.652207985,-8.663653538,8.367128696,-23.69399612,20.02746199,-23.69399612,20.02746199,-14.92721991,13.87312352
d,A7_LOFO_VoltageEntropy,NCA,relative_RMSE,10,4.550929303,16.03516062,7.169295976,-10.9740896,14.76611559,-16.04745504,28.79026962,-16.04745504,28.79026962,-11.48423132,20.58608992
d,A7_LOFO_VoltageKurtosis,NCA,relative_RMSE,10,5.26550289,13.43309139,3.917995216,-3.623941919,11.23408262,-11.70126512,34.30270353,-11.70126512,15.92323787,-8.167588499,18.69859428
d,A7_LOFO_VoltageSkewness,NCA,relative_RMSE,10,-10.23991419,10.35950937,-11.05042384,-14.29434629,-5.884736075,-27.87412037,7.134874224,-21.72482695,2.216289054,-20.59942356,0.119595189
d,A7_LOFO_VoltageSlope,NCA,relative_RMSE,10,11.12580232,19.39971234,18.40941823,-3.587392804,24.55842799,-17.72211431,37.80203739,-17.72211431,37.80203739,-8.27391002,30.52551466
d,A7_LOFO_VoltageStd,NCA,relative_RMSE,10,7.840948049,13.10017789,10.57375296,-1.507120003,17.07143733,-17.11709259,24.55324968,-17.11709259,24.55324968,-5.259229845,20.94112594
d,A7_LOFO_ChargingTime,NA-ion,relative_RMSE,10,27.98200382,48.12529991,24.35813037,-1.171296121,69.42866098,-43.77112023,96.50484666,-43.77112023,96.50484666,-20.1432961,76.10730373
d,A7_LOFO_VoltageCurvature,NA-ion,relative_RMSE,10,0.123257906,44.87979985,-13.10121477,-23.94364056,26.64699707,-75.9219259,80.35246335,-75.9219259,80.35246335,-44.75654194,45.00305775
d,A7_LOFO_VoltageEntropy,NA-ion,relative_RMSE,10,23.64043369,55.14759336,7.880610531,5.653751483,37.60437687,-53.65359624,124.3315392,-31.41060319,43.30853743,-31.50715967,78.78802705
d,A7_LOFO_VoltageKurtosis,NA-ion,relative_RMSE,10,13.43606597,78.64738861,-8.301685419,-25.28468926,24.93621361,-73.12784098,215.6434986,-73.12784098,45.11275827,-65.21132264,92.08345459
d,A7_LOFO_VoltageSkewness,NA-ion,relative_RMSE,10,1.388186864,27.66213926,8.153409848,-11.91612284,15.9567345,-44.97173305,38.75028027,-44.97173305,38.75028027,-26.2739524,29.05032613
d,A7_LOFO_VoltageSlope,NA-ion,relative_RMSE,10,10.2980405,92.15738018,-11.44018831,-25.0250733,25.80512298,-99.03892272,247.2787438,-99.03892272,30.06088279,-81.85933968,102.4554207
d,A7_LOFO_VoltageStd,NA-ion,relative_RMSE,10,47.37913931,89.57815727,26.63092645,-5.642187573,89.61572129,-84.88420193,234.1621435,-84.88420193,125.3681937,-42.19901796,136.9572966
d,A7_LOFO_ChargingTime,LFP,relative_RMSE,10,37.43927716,81.43765639,-7.634237149,-28.6305825,120.1133756,-40.24560686,148.0732613,-40.24560686,148.0732613,-43.99837923,118.8769336
d,A7_LOFO_VoltageCurvature,LFP,relative_RMSE,10,29.12080767,55.93249269,41.1395621,-22.94223739,54.14569231,-37.59510862,142.474098,-37.59510862,142.474098,-26.81168502,85.05330036
d,A7_LOFO_VoltageEntropy,LFP,relative_RMSE,10,-17.99852653,28.67954578,-29.65048732,-34.69117858,-8.438332063,-42.95988068,53.17948961,-42.95988068,-1.139836663,-46.67807231,10.68101925
d,A7_LOFO_VoltageKurtosis,LFP,relative_RMSE,10,1.017437553,60.42728782,-26.6001693,-41.72670154,35.0790381,-48.78270364,120.4344663,-48.78270364,120.4344663,-59.40985027,61.44472537
d,A7_LOFO_VoltageSkewness,LFP,relative_RMSE,10,39.57014976,64.68522787,52.03116541,-25.62310958,84.6881227,-35.52761106,137.2072898,-35.52761106,137.2072898,-25.1150781,104.2553776
d,A7_LOFO_VoltageSlope,LFP,relative_RMSE,10,35.36362116,67.09136741,61.12435538,-31.54514076,91.56287619,-52.37559999,111.0199882,-52.37559999,111.0199882,-31.72774625,102.4549886
d,A7_LOFO_VoltageStd,LFP,relative_RMSE,10,57.79358899,64.56788514,80.51668258,5.669445612,100.5475837,-46.27027511,131.732042,-46.27027511,131.732042,-6.774296152,122.3614741
