Dataset,Model,MAPE (%),RMSE (%),R^2
NCM,PI-EKAN (Ours),1.167,1.412,0.910
NCM,EKAN,1.443,1.804,0.839
NCM,PINN,0.912,0.997,0.981
NCM,BC-PINN,1.121,1.333,0.920
NCM,LSTM,1.106,1.326,0.925
NCM,Transformer,3.717,4.036,0.191
NCM,LSTM-KAN,1.093,1.301,0.928
NCM,RNN-KAN,1.133,1.363,0.920
NCA,PI-EKAN (Ours),0.570,0.654,0.985
NCA,EKAN,1.193,1.549,0.899
NCA,PINN,0.533,0.547,0.990
NCA,BC-PINN,0.738,0.777,0.981
NCA,LSTM,0.895,0.876,0.961
NCA,Transformer,1.665,1.692,0.766
NCA,LSTM-KAN,0.647,0.650,0.981
NCA,RNN-KAN,0.494,0.508,0.989
