Source → Target,Source-only MAPE,Source-only RMSE,Fine-tuning MAPE,Fine-tuning RMSE,Hybrid EKAN-LoRA MAPE,Hybrid EKAN-LoRA RMSE
NCM → NCA,3.5950,3.7459,1.6961,1.9389,1.4373,1.6277
NCM → LFP,4.6395,5.0141,2.0354,2.2885,1.9091,2.1377
NCM → LCO,11.3069,11.3633,1.0609,1.4690,1.0821,1.4869
NCA → NCM,10.7765,10.6096,0.9335,1.0870,0.8695,0.9992
NCA → LFP,5.5526,5.6548,1.2413,1.4327,1.1642,1.2913
NCA → LCO,7.2289,7.0035,1.1085,1.4057,1.0806,1.3993
LFP → NCM,11.6043,12.9566,1.0190,1.2903,1.0125,1.2408
LFP → NCA,2.6272,3.4063,1.3603,1.6238,1.2763,1.3968
LFP → LCO,9.1776,9.1243,1.4670,2.0059,1.3659,1.8650
LCO → NCM,3.2185,3.3141,0.7010,0.9163,0.6927,0.8537
LCO → NCA,3.8159,3.8787,1.0040,1.3958,0.9519,1.2956
LCO → LFP,6.1573,5.7929,1.4019,1.6393,1.4783,1.7482
NA-ion → NCM,4.3794,4.8857,0.9553,1.0790,0.8707,0.9894
NA-ion → NCA,7.2459,7.8956,1.7069,1.9103,1.4997,1.6670
NA-ion → LFP,3.5278,3.8788,1.2272,1.3654,1.1935,1.3761
NA-ion → LCO,6.8097,7.2963,1.0967,1.3859,1.1519,1.4112
Average,6.3539,6.6138,1.2509,1.5146,1.1898,1.4241
