ChargingTime,VoltageSlope,VoltageStd,VoltageKurtosis,VoltageSkewness,VoltageEntropy,VoltageCurvature,Capacity
8663.59241149854,0.00013605519678484016,0.33235422804340387,-1.1602350266566144,-0.17235995740415355,4.634164297154534,-1.646578823141891e-08,3.250846003831108
8670.212411812965,0.00013775616131973565,0.33698935454201323,-1.1610065600665709,-0.17160801376900078,4.635296121524059,-1.6811011893498357e-08,3.251284640504558
8660.646435556235,0.0001386804182054465,0.3391519780387442,-1.1634634576915595,-0.17050669958525477,4.628539344751489,-1.700936554941952e-08,3.249075164628091
8662.388435643872,0.00013922176355097982,0.340067063743588,-1.1641772272829558,-0.16854515172181722,4.636653642165247,-1.7149156911860224e-08,3.249662849972603
8669.718436012467,0.00013990922457268588,0.3417410188497435,-1.1659392666834423,-0.1695192485923408,4.6295099868963465,-1.7307978251086527e-08,3.2481481085963266
8665.122435781406,0.0001402732533201301,0.3422777698133637,-1.1667781812614588,-0.16914706171717486,4.630607619425684,-1.7411238512736356e-08,3.2448479075195316
8668.036872388795,0.0001403242916040624,0.341748709253636,-1.1660922508215918,-0.16584702574269114,4.628586909996026,-1.7470538368553693e-08,3.241196705635306
8667.938904136245,0.00013895899166702886,0.3424429972588057,-1.1704676518347719,-0.17041303685375206,4.622854664237407,-1.747797121711817e-08,3.237310932174071
8669.050904252086,0.00013887442070054527,0.3416022794209887,-1.1707480139571265,-0.16879553793111263,4.6225350211745955,-1.7505304333175858e-08,3.233215403532984
8672.004904560192,0.0001388157266195741,0.340838621450406,-1.1708441175610014,-0.16736774503553645,4.620555018236409,-1.7547243789986813e-08,3.229030429178471
8670.914904446807,0.0001386979374759236,0.33990880759642267,-1.171411742825183,-0.1659733935397613,4.627372322203174,-1.757051841718516e-08,3.2242266283909777
8681.362905536284,0.0001385268850422019,0.3388732258455909,-1.1720731857596032,-0.16553253543782712,4.627074813430246,-1.757839426569967e-08,3.219739829731991
8683.536905763205,0.0001383407945623006,0.33773653619267313,-1.1724495109049091,-0.16545907253956163,4.626206020340835,-1.7592599241022244e-08,3.2146477878706876
8693.464906798938,0.0001381251616113408,0.33655160791981303,-1.1737850831043346,-0.16505522573084033,4.61748555623372,-1.7592390043675224e-08,3.2092115581867104
8695.902907053038,0.00013622155679944217,0.3357048221132342,-1.1773355491456128,-0.17009330947879797,4.610109418306728,-1.7521460957241512e-08,3.2045316238549795
8693.710906824097,0.00013575324707149267,0.333742821197226,-1.1765470620679153,-0.16643739271632915,4.615815487216006,-1.7489059479902174e-08,3.198374839021673
8696.744907141721,0.00013548484232937742,0.3323715161457477,-1.178034139466157,-0.16689359215229632,4.5586276827364225,-1.7483670148114603e-08,3.1923440742506233
8703.49690784543,0.000135159097435972,0.3308675096012177,-1.179703888906399,-0.16842496975088075,4.556557327748219,-1.746536815036397e-08,3.186003177149521
8705.438908047858,0.00013463017582826683,0.3286798108824523,-1.1797956531092328,-0.16660025117595234,4.555059082157069,-1.7424142591235227e-08,3.179840990370415
8712.414908776002,0.00013427603739887332,0.3271091331595881,-1.1811542864086524,-0.16791450556562287,4.55411475302172,-1.7400647515242613e-08,3.1734719467850763
8710.300908555335,0.0001320868710702159,0.3253800214595434,-1.1841999465100534,-0.17032594110390695,4.544674771100722,-1.729312816582161e-08,3.167787138661973
8719.564909521374,0.00013181837600590015,0.32405697593173594,-1.184812559205195,-0.16989562462512203,4.5426151175258855,-1.7298637304238318e-08,3.160236009935167
8714.454908988497,0.00013125487430711965,0.32179330884182183,-1.1858820122689309,-0.1687556126423954,4.541252084480709,-1.7262142171685086e-08,3.15399821236328
8721.484909721708,0.00013095641027684293,0.3204123261138283,-1.1874959704566395,-0.1696749125105628,4.540279985635953,-1.7256524257466647e-08,3.1478961190260137
8729.592910567299,9.770444749746661e-05,0.3351297701775407,-1.0439403251321007,-0.5895759799001871,4.146571627980894,-1.703198092191136e-08,3.141814279678142
8727.07491030445,0.00010128906740906744,0.3019437720144667,0.43964118655073614,-1.355093047217414,3.1601445713879333,-1.770196010570998e-08,3.1354641848904077
8726.540910249343,0.00010069779113349022,0.2998881551393239,0.46525148580783293,-1.3643605456363572,3.1451178018608084,-1.768634222945809e-08,3.12939943634969
8727.104910307971,0.00010022190564096252,0.2978502064830157,0.48748746149098565,-1.3722595261554837,3.1330568487768846,-1.7678726462513574e-08,3.1235961222534163
8731.002910714597,9.969942513190869e-05,0.2960613242876176,0.5134561406179081,-1.381520146218733,3.118685660116366,-1.767552715346411e-08,3.118336722373453
8727.66691036697,9.932314704050625e-05,0.2945210971625878,0.5312260574171104,-1.3878090545818358,3.107245162400528,-1.7677613050902948e-08,3.112579703570559
8731.944910812192,9.877985267732649e-05,0.29273862813338003,0.5579747628314795,-1.3970801269134263,3.0916688015629097,-1.766484939795268e-08,3.1073057386090777
8727.090910308296,9.841512645374477e-05,0.29122679129182877,0.575248346019134,-1.4031745571935126,3.080227920874999,-1.7669318117296206e-08,3.101711577877468
8732.464910868322,9.79056459797264e-05,0.28969807466018005,0.5977171613851606,-1.4110318414945813,3.074365646008702,-1.765113015501385e-08,3.09696161502889
8728.156910418533,9.75815223822772e-05,0.28842064897192143,0.6136299570940591,-1.4165669669289795,3.062306698227619,-1.765991878351786e-08,3.091658913065863
8727.300910327816,9.724805056617106e-05,0.28710671896319284,0.6295985417611196,-1.422122447278171,3.0514769351817574,-1.7665262394468356e-08,3.086153207038572
8727.04891030211,9.673499511411993e-05,0.2855479737018997,0.6553853023478111,-1.4308193464993735,3.035964671418625,-1.765007351823101e-08,3.0813251791364205
8716.812909234315,9.655696873080952e-05,0.2844321527971749,0.6632348918632611,-1.4336196015118463,3.0406406860650756,-1.7671630071037314e-08,3.0765662777088756
8728.970910502365,9.617058521961108e-05,0.2832286638335466,0.6885671965372522,-1.4423360507775078,3.0204832171715346,-1.7681794786287367e-08,3.071880868694389
8724.404910027515,9.582416027285897e-05,0.2820410718488463,0.7052867432325223,-1.4478518862251935,3.0096578904819005,-1.7683841317934188e-08,3.066624261486817
8719.626909527695,9.552823595825219e-05,0.28089747562279177,0.7199772892934462,-1.4528373256583325,2.9982104275262147,-1.7690901708982436e-08,3.061926984814182
8715.080909054028,9.523016834709377e-05,0.27987587338411796,0.7346605812333005,-1.4576523732596351,2.9982104275262147,-1.769034839566368e-08,3.057291547243926
8722.288909805007,9.484125492333321e-05,0.27880390608123035,0.7605302577563404,-1.4663713797422409,2.9794120965741615,-1.7701326383548753e-08,3.053279918490668
8715.730909122154,9.473123187042744e-05,0.2780817238552526,0.7650358662329984,-1.4679400741350337,2.982771905539434,-1.772509275933026e-08,3.048472426991372
8706.8709081969,9.446720109589959e-05,0.2770886705500368,0.7852140869438418,-1.4745561003209102,2.9673642266731997,-1.774848295328185e-08,3.044024871824677
8706.742908183602,9.423558494395481e-05,0.27633498174064536,0.7968520454853532,-1.4784145810906477,2.9565374477737354,-1.775530319264911e-08,3.0396828721690525
8702.758907768526,9.416315523607124e-05,0.2756179178789363,0.8061718553800152,-1.481626884252193,2.956537447773735,-1.7799225265433327e-08,3.035841583805882
8700.360907518305,9.396236502079089e-05,0.27509090672400527,0.8145304894578098,-1.4844027911890556,2.9565374477737354,-1.780188832908784e-08,3.032066976437988
8689.528906389372,9.38551555238927e-05,0.2743449898556005,0.8249932622050311,-1.4878634950692,2.9450907256639933,-1.7837267032644715e-08,3.0280280630018455
8686.628906085622,9.36928194436393e-05,0.2739882555265645,0.8317341136713905,-1.4900695137832374,2.945704409126283,-1.7841906327610078e-08,3.024174343394237
8679.950905389967,9.362545632549785e-05,0.2733447545980517,0.8415991983578497,-1.4933780561768777,2.933637759898197,-1.788494082826835e-08,3.0207896651014523
8673.060904670507,9.362419818887445e-05,0.2730474276572764,0.8474059072534721,-1.495339418009088,2.933637759898197,-1.7929068058665108e-08,3.016669358668075
8671.664904524572,9.339221926843601e-05,0.27236170687313704,0.8570256127412272,-1.4984959137955884,2.9221785664857562,-1.7926232259548338e-08,3.013618149272869
8667.400904079084,9.32062463962126e-05,0.2718014601462453,0.8726275074844794,-1.5034897214372778,2.9182802238942926,-1.7942672457664073e-08,3.0103757980050982
8663.060903627542,9.320143336424194e-05,0.2716131510840798,0.8711067425192147,-1.5030249657408887,2.922792249948046,-1.7966204678525115e-08,3.007424828295627
8659.072903212393,9.318556328755097e-05,0.27129316667167963,0.8770244302224639,-1.5050148190251347,2.922792249948046,-1.8004108361528963e-08,3.004326107648924
8646.22290187236,9.320645884805397e-05,0.27109855433356256,0.8807958006372498,-1.506340178640701,2.9113268448164797,-1.8046317878455113e-08,3.0013929197041858
8644.756901718793,9.322099687184938e-05,0.2710007695259339,0.8846546942545479,-1.5075846286791206,2.9113268448164797,-1.8081543198741116e-08,2.998437781618653
8635.474900749396,9.319941125293474e-05,0.27063774508375493,0.8885730214513834,-1.5089617833520719,2.9113268448164797,-1.81156337284115e-08,2.995817486974012
8636.178900822648,9.302635399483776e-05,0.2702178061667849,0.8960365989215306,-1.5114057829851322,2.9113268448164797,-1.810849696571236e-08,2.9931390618777085
8629.224900098634,9.303415088254192e-05,0.2700293318890995,0.90332557880396,-1.5136235122751869,2.899855243812045,-1.8148561833200295e-08,2.9906927153700065
8614.32089854288,9.32070172058824e-05,0.2701119812029398,0.8956804368289979,-1.5113827740137862,2.904354109958771,-1.8204865494359407e-08,2.98853354911038
8596.578896692954,9.33834780366637e-05,0.2701779074129258,0.8900528284555467,-1.5096299918752303,2.908250311044081,-1.8253621465815315e-08,2.9859499167719172
8598.210896863253,9.329998334302376e-05,0.2701214073705568,0.8974233859792111,-1.512075796980013,2.904354109958771,-1.8270629869874093e-08,2.984133705811497
8589.504895954975,9.354360003669767e-05,0.2704728644973633,0.888755136207295,-1.5094063345850217,2.907634554326851,-1.832958774785864e-08,2.981456110003257
8590.394896047772,9.340932718932479e-05,0.2703128528744879,0.8926687325638176,-1.5106711598450844,2.907634554326851,-1.8326936109381658e-08,2.979237273386772
8583.416943366756,9.340284628208878e-05,0.2700622380402908,0.8977113173386955,-1.5122829395273076,2.907634554326851,-1.8353486461789537e-08,2.9773222584813097
8564.337020948995,9.3634888169429e-05,0.2703973316870271,0.8892522599504575,-1.5095966103087082,2.9115407788813967,-1.8411006029728766e-08,2.975979056879743
8557.669020150788,9.377762108123308e-05,0.27035369003364906,0.8842917256923939,-1.5081061854031943,2.9039274994895776,-1.8449040757842957e-08,2.97402130538086
8556.475020010024,9.370042316407271e-05,0.27032681372326123,0.8941759828687461,-1.5111018609485183,2.9000234169744767,-1.8466244498372428e-08,2.97193911816759
8551.295019392157,9.369150867088044e-05,0.2700975321283532,0.8964224393447138,-1.5120234871834983,2.9000234169744763,-1.848047340154515e-08,2.9691447281095398
8553.671019675909,9.36668584341188e-05,0.2703347449155947,0.9004465384525093,-1.5134073681885976,2.8961304147184888,-1.8512260134279872e-08,2.967312487728409
8544.369018567028,9.382144954284205e-05,0.27035226064735907,0.8946933626981965,-1.5116123324456816,2.9000234169744767,-1.8559377907377224e-08,2.9663157024140085
8526.347016416024,9.407235050003076e-05,0.2708075853524499,0.8848751642112513,-1.5085858106724421,2.9039274994895776,-1.8608003317518477e-08,2.965196348129476
8520.907015769044,9.43460388079615e-05,0.2713002855558139,0.8728762051568055,-1.504786044447505,2.910930830106149,-1.865952397274543e-08,2.962861032733018
8514.653015023796,9.430901023306293e-05,0.2709892273462566,0.8778699456695986,-1.5063857559048335,2.899386937180535,-1.8682244094174304e-08,2.9614010150531658
8536.34501761105,9.400645336787495e-05,0.2709478195992428,0.9006792849513143,-1.513610196866174,2.8961304147184888,-1.8662618566347613e-08,2.958503142571751
8515.8930151721,9.412990706926271e-05,0.270868862150812,0.8941757838605331,-1.5116420706556062,2.9000234169744763,-1.87087240362164e-08,2.956852367860919
8525.615016330034,9.404002967738635e-05,0.27082200745559737,0.9028060542549152,-1.5144571365714818,2.8961304147184888,-1.8724511326630956e-08,2.9543771322570787
8519.445015598089,9.406495623923386e-05,0.27086632411788014,0.8993094056597561,-1.5133212382892747,2.9000234169744763,-1.8734159590018543e-08,2.952453831212024
8517.43301535421,9.410691906788558e-05,0.27086233302248114,0.8988429619923619,-1.5132175911555599,2.9000234169744763,-1.875721478760096e-08,2.950844641857368
8510.453014521161,9.415951866331949e-05,0.27092545295056186,0.8997658503961556,-1.5135319436746881,2.9000234169744763,-1.878785038581126e-08,2.9493080605027973
8507.451014166,9.428954748167296e-05,0.27131661890266834,0.9013515583502976,-1.5140750248765737,2.8961304147184888,-1.88373082327417e-08,2.947614273157959
8497.817013017833,9.445539476173456e-05,0.2713922549106096,0.89493010888601,-1.51212409276816,2.9000234169744763,-1.888685726542848e-08,2.945645436851536
8496.579012870789,9.433998279781937e-05,0.2712947343519055,0.8980395599684448,-1.5131249786075238,2.9000234169744763,-1.887485825836711e-08,2.943707432036676
8484.64301144681,9.455239216070418e-05,0.2715348526698708,0.8888951284985676,-1.510352224530618,2.9039274994895776,-1.8926094554373638e-08,2.942044377982991
8485.059011498699,9.466876676157319e-05,0.2718291932566274,0.8930301333632666,-1.511624599805435,2.9000234169744763,-1.8975033950926925e-08,2.9404086399325897
8473.343010097975,9.472049581038246e-05,0.2718946092895898,0.8939812858442369,-1.5119238742463,2.9000234169744763,-1.900487149521318e-08,2.938546351565351
8469.689009662252,9.469518732772236e-05,0.2718080537635961,0.8889600763284213,-1.5103958023983313,2.9039274994895776,-1.8998226286241958e-08,2.936905841374645
8466.061009233119,9.477163841661404e-05,0.27196432506988516,0.8884010769019071,-1.510231672037367,2.9039274994895776,-1.9032824895184672e-08,2.935261451970212
8465.105009118095,9.489522466977621e-05,0.2723397059423995,0.884517250142975,-1.5091539000383607,2.9039274994895776,-1.9068786473507493e-08,2.9331664709415683
8458.279008301906,9.48397602534505e-05,0.27194232507926425,0.8898634890453692,-1.5108916879381584,2.9039274994895776,-1.908749439495389e-08,2.931214305974528
8457.721008237684,9.488665290402071e-05,0.2719872224364447,0.8898946743073042,-1.5109506220365847,2.9039274994895776,-1.9116066698457232e-08,2.9294579947230357
8454.53500785469,9.489852629373692e-05,0.2718657622573574,0.8931482308387033,-1.511874821900237,2.903927499489578,-1.913757224799698e-08,2.927942336413708
8447.015006962232,9.502179223970918e-05,0.27227240878642983,0.8888731769948821,-1.5107622848779567,2.9039274994895776,-1.9171355756622143e-08,2.926071898253986
8443.351006525103,9.503341200762184e-05,0.27224041509992347,0.8909636412315329,-1.511336963744203,2.903927499489578,-1.9194230479563178e-08,2.9242418717301413
8430.179004954407,9.519540102747808e-05,0.27228005058435417,0.8834861229100013,-1.5090177244583427,2.8993869371805356,-1.9237441128587434e-08,2.9218303927174203
8428.847004793584,9.513375333803088e-05,0.2718264585746185,0.8925362646867461,-1.5118118168093466,2.887836747596693,-1.9262085878367788e-08,2.919850977928059
8429.083004823187,9.50389845899068e-05,0.2718538631789459,0.8975733432608353,-1.5135091837194736,2.8930084606584088,-1.9261665601565588e-08,2.918566056503769
8421.829003958032,9.5238499055023e-05,0.2720547297945442,0.8888395426530287,-1.510835776508411,2.8878367475966926,-1.9309154633959914e-08,2.916458214250757
8414.329003063263,9.525516707350409e-05,0.2720372840923463,0.8895416134369576,-1.511037823949919,2.8878367475966926,-1.932851182338564e-08,2.914128161042346
8406.225002099061,9.527234612138644e-05,0.271974974063131,0.8917723553929813,-1.511801423539049,2.8878367475966926,-1.93563401691624e-08,2.9121949843728308
8402.141001611948,9.526963637339868e-05,0.27180598270264333,0.8961987976744883,-1.51317566004891,2.887836747596693,-1.937985759184609e-08,2.909874715123559
8403.731001798995,9.519428724320188e-05,0.2714289771716592,0.8932729878154553,-1.5123779966037907,2.8923553622473013,-1.937148399660121e-08,2.908377763738609
8391.503000340657,9.531232594864119e-05,0.2712627734739832,0.8912975287034621,-1.5116861491428224,2.896266232579649,-1.941114816355942e-08,2.9060685414538567
8391.359000327066,9.520337327803023e-05,0.2712369644856052,0.8971911069777772,-1.5136813345296483,2.8923553622473013,-1.9413454702811584e-08,2.904423646676429
8383.776999421883,9.529524640298344e-05,0.27098799219681985,0.8948480315027361,-1.512946440185396,2.8846830078212395,-1.9449686564768195e-08,2.9021954152899863
8373.294998172903,9.522043173263414e-05,0.27056497247305694,0.8952083004307885,-1.5130797938342098,2.8885916533411735,-1.944786649804843e-08,2.9002800410846614
8372.328998059034,9.5327597661015e-05,0.2708806313230257,0.8977794795394307,-1.5138897016367012,2.8846830078212395,-1.949577527455412e-08,2.898088668551161
8369.804997759871,9.527726836891626e-05,0.27062518027646415,0.8943814182947274,-1.5129063184680787,2.8885916533411735,-1.9491328564553108e-08,2.896128572167157
8361.772996797925,9.532292360122738e-05,0.2706833728490077,0.8961792101554229,-1.5134804431210471,2.8885916533411735,-1.9517545540179582e-08,2.8940755358365884
8360.456996642053,9.522413155379881e-05,0.27015656973546215,0.9026566408268324,-1.515478504232355,2.8879695919476576,-1.9523361936863446e-08,2.892523581260444
8355.73099607625,9.516195793919556e-05,0.2697896795004816,0.9075520226522218,-1.5171402316305018,2.8763666005940967,-1.953632738265724e-08,2.890323979127741
8345.176994818496,9.538598421282259e-05,0.2701025718872996,0.8979756349994874,-1.514163897003265,2.8918883893948846,-1.9591442529855708e-08,2.8881382045496973
8336.25099375844,9.526692770028102e-05,0.26950313886302113,0.89942381983965,-1.514647619602626,2.8841884695451636,-1.9581783870785233e-08,2.885661837695312
8336.476993779885,9.531887852625367e-05,0.26962514245800295,0.8994422827463033,-1.5147228175812193,2.8841884695451636,-1.96107361514066e-08,2.883858065989989
8325.18299243995,9.52861217935554e-05,0.26933986230440515,0.9040746761231788,-1.5161578493074463,2.8848126612859177,-1.9625495923889733e-08,2.881639621771106
8326.77699262905,9.514751090346038e-05,0.2686376957421698,0.9130714958105006,-1.5190455744324767,2.8848126612859173,-1.9631465925999806e-08,2.8799315711307782
8317.4409915125,9.526141038438031e-05,0.26901203003882546,0.9088506578452198,-1.517785596747451,2.8848126612859177,-1.966701858582727e-08,2.8773414854399957
8311.430990798399,9.511182693221552e-05,0.26827647416923134,0.9185284385915722,-1.5208328675149454,2.8731763005960507,-1.966935706409749e-08,2.875179123086345
8307.890990376007,9.509794398879408e-05,0.2681376302791352,0.9144674572273646,-1.5195987809315958,2.877091634611958,-1.96693410931552e-08,2.8733609670905214
8300.13298945129,9.523422342243697e-05,0.26807100960835184,0.9094452941782825,-1.5180936368523557,2.8810182699620466,-1.9710679576456495e-08,2.8710422100619843
8301.8729896585,9.500824912875968e-05,0.2675329597612427,0.9245654062198603,-1.5227491783858256,2.877091634611958,-1.970190603893523e-08,2.869227293972981
8285.962987762876,9.515926521319232e-05,0.26749505873113855,0.9181700824502932,-1.5208844376736819,2.8810182699620466,-1.9748098320291593e-08,2.866242247154407
8277.76098678261,9.523621292387956e-05,0.26715126409367324,0.9182605534460171,-1.5208151005908197,2.872645245085297,-1.9787324629802594e-08,2.864051334680176
8284.348987567937,9.497174985189036e-05,0.26698345462137,0.9328005871141904,-1.5255369708771775,2.8648100520742528,-1.976733675301736e-08,2.862183558879258
8278.978986930102,9.51209700094099e-05,0.2670037875856551,0.9196828303543523,-1.5215105182589268,2.8732726598470872,-1.979319303414698e-08,2.8599527773548745
8275.136986470781,9.506236769559499e-05,0.26666386969317607,0.9250179916484771,-1.5231607456639629,2.8732726598470872,-1.980707549043941e-08,2.857535879525283
8264.628985218005,9.49671872903277e-05,0.26610425305935276,0.933964418852891,-1.5258616192829564,2.8732726598470877,-1.9822960910356702e-08,2.8553747216886416
8261.244984818622,9.49696594857955e-05,0.26596812366370576,0.9350357433860701,-1.5263379753262238,2.861582631026827,-1.9842793662860983e-08,2.8531622045425067
8254.370983995963,9.49726400591044e-05,0.2659167208735627,0.9306555611455174,-1.5250123118045782,2.8655046219821116,-1.984768806485593e-08,2.850864778796523
8250.968983590836,9.492353658828663e-05,0.2655407494204895,0.935928658617319,-1.5267625289083988,2.8655046219821116,-1.986742785224992e-08,2.848523855529922
8246.666983074974,9.485465899737345e-05,0.2651500265575643,0.9406889390364888,-1.528288842778898,2.8655046219821116,-1.988118401984927e-08,2.846176373202312
8234.538981631864,9.497329535481675e-05,0.26496111206407486,0.9384944438645317,-1.5276114919495514,2.849112234098828,-1.992812233562849e-08,2.843660557819688
8229.618981045205,9.489802646047255e-05,0.26459639572884663,0.9357883244264795,-1.5268918524892798,2.8530283688912688,-1.9919574154538166e-08,2.841616676089275
8228.9289809654,9.474809389433706e-05,0.26436138073345616,0.9485893121508249,-1.530936685614186,2.849112234098828,-1.9927633712642505e-08,2.839389166004095
8222.893113360275,9.463045204449741e-05,0.2637277972454482,0.9565124854039504,-1.53349855231425,2.849112234098828,-1.994284600099747e-08,2.8371944793442108
8214.261635098374,9.483797744749337e-05,0.2639485876175609,0.9497523749890524,-1.53138966309776,2.852397697651475,-1.9995392221353086e-08,2.834413049264459
8209.255638998002,9.477146311144477e-05,0.26351272705613765,0.9557017249953828,-1.5333374003205738,2.8412841315409727,-2.0018730099217858e-08,2.832073963703611
8202.355644416064,9.471336163790852e-05,0.26322275936187234,0.9549940946844688,-1.5331301269331348,2.8451978123397583,-2.0015562638004153e-08,2.8346506663297526
8197.909647694789,9.519479318360453e-05,0.26466661855950324,0.9370420433787006,-1.5275375524082258,2.8569559092624814,-2.0089646028454003e-08,2.8280036413128005
8196.297649075277,9.473640698775887e-05,0.2631125918947991,0.9575579496952846,-1.5340319543157828,2.8451978123397583,-2.005849360057392e-08,2.8258552409459097
8189.295654461719,9.459606772086104e-05,0.2623458930722499,0.9689022080466971,-1.5375442082961206,2.833433221025251,-2.007913714039567e-08,2.823389788468018
8183.361659022048,9.465097499433512e-05,0.2624356478408174,0.9676309979867659,-1.5373322611199802,2.833433221025251,-2.0107847863089004e-08,2.820249904503446
8175.3596653495915,9.456357634647162e-05,0.2620175247206548,0.9680770272253598,-1.5374724243980114,2.837344407222579,-2.0110246203589602e-08,2.817237921485459
8169.21366998367,9.451235966237161e-05,0.2616094004310837,0.9750030915656871,-1.5396817263005345,2.837344407222579,-2.013985716417597e-08,2.8145283650812454
8160.8776765000075,9.452832389123867e-05,0.2610598788099568,0.9688615942064542,-1.537852843751996,2.8333881542880888,-2.016048299669403e-08,2.8111958815988505
8163.357674582861,9.427334334393684e-05,0.26026570424271345,0.9899842250400153,-1.5444313458216634,2.8294680418791645,-2.016353989472322e-08,2.80807445534722
8152.273683156818,9.421230021271084e-05,0.259921205433122,0.9956581932208848,-1.5461975677844753,2.8294680418791645,-2.018873269467034e-08,2.805232521144475
8145.23368857801,9.42854094907266e-05,0.26007440932341486,0.9931509645798728,-1.5456357534823892,2.8294680418791645,-2.02258676118115e-08,2.8016503188624378
8141.971691132523,9.421358974151475e-05,0.25963892007999845,0.9941011664591914,-1.5460366951804547,2.821568603897129,-2.0239573898828245e-08,2.798685642159829
8134.39569707308,9.407991469337984e-05,0.2589110534552234,1.0056640989620202,-1.5496056159068556,2.821568603897129,-2.0258549972716892e-08,2.795142425946452
8125.375703945756,9.408922193085793e-05,0.2587756268873089,1.0074981289217888,-1.55032572087413,2.821568603897129,-2.0296218728580745e-08,2.792280522524824
8118.559709301684,9.405724360554674e-05,0.2584971554118938,1.0083566130802453,-1.5506817136765012,2.8136459801058464,-2.030982042588648e-08,2.788818767713622
8097.279725775123,9.424568636889402e-05,0.25799178870075223,1.0011099185302808,-1.548561488499436,2.8214874380683708,-2.0384305032832414e-08,2.785389924521213
8100.665723050013,9.402165240645488e-05,0.2574850375705985,1.0185505292637664,-1.5539491627706392,2.8175609340601926,-2.0388798892274e-08,2.782008019053006
8091.587730079889,9.403778877951288e-05,0.2573877956482365,1.0193259139093946,-1.5543172907387524,2.8057000565699632,-2.042779399615265e-08,2.7784192810053177
8087.707733206451,9.386949085107805e-05,0.2566177489644913,1.0245699627341285,-1.5560083606528667,2.8096123681877603,-2.041892654993531e-08,2.775370968788116
8074.963743075728,9.394445491866838e-05,0.25636212555662463,1.0234556671429864,-1.5556499136548518,2.813536248600689,-2.0462064016723993e-08,2.7720444482141136
8075.1037429291755,9.382743889199461e-05,0.2560826667006693,1.0342595719069294,-1.5590176309304766,2.8096123681877603,-2.0485907367753802e-08,2.76818508681044
8068.9097476527095,9.374499742764523e-05,0.2555941882827977,1.035528627144739,-1.5595756925711866,2.801640345264147,-2.050170256918493e-08,2.764980029197185
8057.879756242037,9.370155672030804e-05,0.2552335277674343,1.0441082980310767,-1.5623852063958348,2.801640345264147,-2.0542481061886448e-08,2.7613003833452683
8055.09575844463,9.362083317888902e-05,0.2546809867954801,1.0544594467833912,-1.5654325158413975,2.789737850659917,-2.0575356845842686e-08,2.757759750554472
8047.323764526285,9.371494411996385e-05,0.2549516554194349,1.0514428121520334,-1.5645963767784072,2.789737850659917,-2.062127685784673e-08,2.7543342687249077
8038.447771339677,9.365612360293527e-05,0.25460924912990957,1.049978425465361,-1.56427123885318,2.7848917617219677,-2.0626751478327986e-08,2.751199483972167
8030.4637774908915,9.35517865306264e-05,0.25394959855787985,1.0608705601808186,-1.5675848615970427,2.784891761721968,-2.0659321920913344e-08,2.747210785295681
8013.871790289879,9.36956576310597e-05,0.25375806424200303,1.0520870148708017,-1.56513430607021,2.7807573535927697,-2.0714602487078778e-08,2.742696341923013
8018.91578640556,9.32148269566006e-05,0.25269821714474705,1.0814148822362268,-1.5741979918254603,2.772968348849541,-2.0690045144521516e-08,2.739219648426786
8012.581791336648,9.322839209834242e-05,0.25250888046686426,1.0885356353457567,-1.57626996787907,2.772968348849541,-2.0743722593917193e-08,2.7356821116994894
7998.593802301213,9.337806993104878e-05,0.2524600254731514,1.0753580294380276,-1.5725502455202556,2.768798508968733,-2.0790743650031134e-08,2.7316046574987767
7993.779805921018,9.307856673024608e-05,0.2515615517357452,1.0966217636980709,-1.579032120754991,2.7649126612666186,-2.078922504745748e-08,2.7281378814157438
7990.911808251403,9.296842810772922e-05,0.25099270209963226,1.1021776267443872,-1.5807608201460188,2.7568330382025756,-2.0800001833180148e-08,2.724150921652423
7984.775812947191,9.294879726360773e-05,0.2507189249957384,1.1067252499390383,-1.5823193440317802,2.7568330382025756,-2.0845787513826457e-08,2.719843986797147
7969.759824552573,9.288600588774758e-05,0.25017181011126965,1.1172519567881274,-1.5857119478667565,2.7568330382025756,-2.089856091918813e-08,2.7153019185473632
7964.0578289702535,9.278221981754278e-05,0.2495860344718968,1.1269488010009994,-1.5885412937819845,2.744860958505096,-2.0940029224110366e-08,2.7114408677993427
7962.293830386363,9.283792615261394e-05,0.2496690861651141,1.1204818071769802,-1.586821894016643,2.7487293607054744,-2.0964318799410198e-08,2.708180758151315
7952.3158381143585,9.265613665455805e-05,0.24874694858588428,1.1360616055648753,-1.5915907654342654,2.7487293607054744,-2.0990774570536058e-08,2.70418091537367
7949.361840408295,9.242905949505864e-05,0.2482773337833901,1.145725780586326,-1.5944554268164302,2.7367361289237238,-2.0980975516473257e-08,2.699633884769153
7941.569846461527,9.233117935990599e-05,0.24768690117313555,1.1559890610533952,-1.5976374188252747,2.7367361289237238,-2.103151778802224e-08,2.695377811072729
7933.31185285002,9.235384674007168e-05,0.24750892630322552,1.1613299724140713,-1.5994828396201486,2.7367361289237238,-2.1096097097747305e-08,2.691119847530112
7924.047859936953,9.226042769616326e-05,0.24698338047722643,1.167616705812896,-1.6012502272105633,2.7285870502686005,-2.1114127349447298e-08,2.686683577344429
7919.735863305163,9.230444081025181e-05,0.24696405075487465,1.1665973615994645,-1.6012126179617252,2.7285870502686005,-2.1166599429766764e-08,2.681727971447483
7918.141864654608,9.2004982149808e-05,0.2460212218401266,1.1913398046119452,-1.6085673901633712,2.7247362936859654,-2.119137667405001e-08,2.677081383797607
7911.7918695136905,9.173708945975181e-05,0.24533149149775943,1.201073530508511,-1.6114209557723396,2.7127298720554314,-2.115301003176687e-08,2.672663015009764
7902.013877067249,9.175135863970131e-05,0.24512216016215943,1.212611637935522,-1.6152041370076922,2.7127298720554314,-2.125275577801065e-08,2.66786509886271
7900.3998782821,9.14777946012181e-05,0.24436740941188043,1.2244138806661233,-1.618827289862081,2.7007168810073985,-2.1243074633049585e-08,2.6620632314004182
7892.677884224802,9.1297150481721e-05,0.2434462250538059,1.2407225630150132,-1.6236537438909693,2.7007168810073985,-2.1295293579972062e-08,2.6573817319026687
7881.155893270858,9.135117629106656e-05,0.24340599261976367,1.2439693068214481,-1.624909892366119,2.6886973374298666,-2.136733800586936e-08,2.6524135055645086
7868.089903265238,9.130581650192974e-05,0.24302418740543835,1.2466218173923531,-1.6258286840842981,2.6925040514710075,-2.1406132005268756e-08,2.646976578387454
7870.119901816361,9.103025345134466e-05,0.24231266072882424,1.2669814638478831,-1.6316331524583807,2.6886973374298666,-2.1418707791506858e-08,2.641830123008356
7854.391913964413,9.110698611380062e-05,0.24177423449626606,1.2645576896579058,-1.631454750258953,2.6842666258083954,-2.149793409082833e-08,2.6362198840414757
7852.789915195666,9.091504766412114e-05,0.24129045510422145,1.2828779737204927,-1.6367407440885782,2.6804632343650203,-2.1536299623129907e-08,2.631893911655813
7842.953922774643,9.085389042833312e-05,0.24085885688127118,1.2833440699168595,-1.6369760776566045,2.672204459735908,-2.156370111274368e-08,2.625805153133138
7834.247929561883,9.063341708061561e-05,0.2402553030211814,1.30643378938435,-1.6439666355446616,2.6684158699632676,-2.161004906664827e-08,2.62079300975057
7820.659940011799,9.080579969085437e-05,0.24019125558396517,1.297683701661648,-1.6416880681679904,2.663920890119251,-2.1685333803676943e-08,2.614843001420358
