Dataset,Experiment,MAPE (%),RMSE (%),R²
NCM,1,0.9343455545604229,1.1026263236999512,0.9456607699394226
NCM,2,0.9607358835637569,1.1204217560589314,0.9438926577568054
NCM,3,0.9260539896786213,1.1360850185155869,0.9423129558563232
NCM,4,0.9978670626878738,1.2606887146830559,0.9289649724960327
NCM,5,0.9309371933341026,1.1245125904679298,0.9434821605682373
NCM,6,0.9274216368794441,1.1028063483536243,0.9456430673599243
NCM,7,0.9058407507836819,1.0964466258883476,0.9462681412696838
NCM,8,0.927981548011303,1.1289158836007118,0.9430387020111084
NCM,9,0.9466449730098248,1.117575727403164,0.9441773295402527
NCM,10,1.0359750129282475,1.2026273645460606,0.935357391834259
NCM,Mean,0.9493803605437279,1.1392706353217363,0.9418798148632049
NCM,Std,0.037325771365992695,0.04942053107836874,0.005200754823438326
NCA,1,0.34711381886154413,0.40562902577221394,0.99480140209198
NCA,2,0.33138860017061234,0.3858398413285613,0.99529629945755
NCA,3,0.36600364837795496,0.4267896991223097,0.9942448735237122
NCA,4,0.3392816288396716,0.38926489651203156,0.9952124357223511
NCA,5,0.39271023124456406,0.43534007854759693,0.9940119981765747
NCA,6,0.36015843506902456,0.41170925833284855,0.9946444034576416
NCA,7,0.43562576174736023,0.47561461105942726,0.9928528070449829
NCA,8,0.4122781101614237,0.4517854191362858,0.9935510158538818
NCA,9,0.35235516261309385,0.39727785624563694,0.9950132966041565
NCA,10,0.46751699410378933,0.4972612950950861,0.9921873807907104
NCA,Mean,0.3804432391189039,0.42765119811519986,0.9941815912723542
NCA,Std,0.04290837777944479,0.03559738107232517,0.0009883442586477217
LFP,1,1.0440994054079056,1.056575495749712,0.8827009201049805
LFP,2,0.9832807816565037,0.9992397390305996,0.8950861692428589
LFP,3,0.7324004080146551,0.798727385699749,0.9329667091369629
LFP,4,0.7072426844388247,0.7540155202150345,0.9402615427970886
LFP,5,1.0784496553242207,1.0851054452359676,0.8762807250022888
LFP,6,0.8912873454391956,0.9093981236219406,0.9131036400794983
LFP,7,1.004874613136053,1.013088971376419,0.8921578526496887
LFP,8,0.9859380312263966,0.9913865476846695,0.8967287540435791
LFP,9,0.9363462217152119,0.9840316139161587,0.8982553482055664
LFP,10,0.9261934086680412,0.9438852779567242,0.9063879251480103
LFP,Mean,0.9290112555027008,0.9535454120486975,0.9033929586410523
LFP,Std,0.11697870136343719,0.10086679720789557,0.019407310650242017
LCO,1,1.245277188718319,1.4680073596537113,0.985973060131073
LCO,2,1.4150124043226242,1.5779655426740646,0.9837930202484131
LCO,3,1.525187212973833,1.6357896849513054,0.9825834631919861
LCO,4,1.3497009873390198,1.5370932407677174,0.9846217632293701
LCO,5,1.258827280253172,1.500274334102869,0.9853496551513672
LCO,6,2.0054955035448074,1.9907817244529724,0.9742039442062378
LCO,7,1.4968987554311752,1.6310283914208412,0.9826847314834595
LCO,8,1.1269543319940567,1.4305256307125092,0.9866802096366882
LCO,9,1.5474478714168072,1.6666010022163391,0.9819211959838867
LCO,10,1.0784008540213108,1.372864842414856,0.9877323508262634
LCO,Mean,1.4049202390015125,1.5810931753367186,0.9835543394088745
LCO,Std,0.25254484646833447,0.1636878178010955,0.0035957258134131954
NCM+NCA,1,0.43640537187457085,0.4607470706105232,0.9974965453147888
NCM+NCA,2,0.45494535006582737,0.49106087535619736,0.9971563220024109
NCM+NCA,3,0.4023015033453703,0.40461253374814987,0.9980694055557251
NCM+NCA,4,0.591378565877676,0.572890741750598,0.9961296319961548
NCM+NCA,5,0.41923183016479015,0.42061880230903625,0.997913658618927
NCM+NCA,6,0.48468196764588356,0.4710600711405277,0.9973832368850708
NCM+NCA,7,0.49512702971696854,0.4931661766022444,0.997131884098053
NCM+NCA,8,0.6324919406324625,0.6092919036746025,0.9956221580505371
NCM+NCA,9,0.47794138081371784,0.4901336506009102,0.9971670508384705
NCM+NCA,10,0.5618804134428501,0.5584560334682465,0.9963222146034241
NCM+NCA,Mean,0.4956385353580117,0.4972037859261036,0.9970392107963562
NCM+NCA,Std,0.07240910219940212,0.06212818145904602,0.0007444172968693967
NCM+LCO,1,2.1081484854221344,2.0207181572914124,0.986115038394928
NCM+LCO,2,2.07707192748785,1.914997585117817,0.9875299334526062
NCM+LCO,3,2.180766686797142,1.9855301827192307,0.9865944385528564
NCM+LCO,4,2.0195676013827324,1.9565783441066742,0.986982524394989
NCM+LCO,5,1.6974348574876785,1.6762595623731613,0.9904453158378601
NCM+LCO,6,1.9437028095126152,1.7525134608149529,0.9895562529563904
NCM+LCO,7,1.961803250014782,1.896190270781517,0.9877736568450928
NCM+LCO,8,1.9743714481592178,1.9262658432126045,0.9873827695846558
NCM+LCO,9,2.0993901416659355,1.8522145226597786,0.9883341789245605
NCM+LCO,10,1.8196670338511467,1.850256696343422,0.9883588552474976
NCM+LCO,Mean,1.9881924241781237,1.8831524625420573,0.9879072964191437
NCM+LCO,Std,0.13730648453622699,0.09987504512288994,0.0012559105431465634
NA-ion,1,0.19310013158246875,0.2138271927833557,0.9894862174987793
NA-ion,2,0.159130129031837,0.17992359353229403,0.9925559759140015
NA-ion,3,0.17269471427425742,0.18013441003859043,0.9925385117530823
NA-ion,4,0.19030445255339146,0.22367120254784822,0.9884958863258362
NA-ion,5,0.1469193957746029,0.16918379114940763,0.9934180974960327
NA-ion,6,0.1933773630298674,0.21933959797024727,0.9889371991157532
NA-ion,7,0.1793472096323967,0.20481275860220194,0.9903540015220642
NA-ion,8,0.23469438310712576,0.28280962724238634,0.9816083312034607
NA-ion,9,0.2030643867328763,0.2359979785978794,0.9871929883956909
NA-ion,10,0.25598499923944473,0.25902295019477606,0.9845720529556274
NA-ion,Mean,0.19286171649582684,0.21687231026589873,0.9889159262180328
NA-ion,Std,0.03111807245402703,0.0341852178787876,0.003527768519800989
Stanford (NCM),1,1.1099182069301605,1.1821117252111435,0.9416378736495972
Stanford (NCM),2,0.8323582820594311,0.9465180337429047,0.9625827074050903
Stanford (NCM),3,0.9596539661288261,1.0524281300604343,0.9537407159805298
Stanford (NCM),4,0.5750292912125587,0.6620232481509447,0.9816953539848328
Stanford (NCM),5,0.9578043594956398,1.03439474478364,0.9553124308586121
Stanford (NCM),6,0.811601709574461,0.8919991552829742,0.9667690396308899
Stanford (NCM),7,0.7644348312169313,0.8316527120769024,0.9711132645606995
Stanford (NCM),8,0.8070962503552437,0.8635404519736767,0.968855619430542
Stanford (NCM),9,0.7358470931649208,0.8208334445953369,0.9718599915504456
Stanford (NCM),10,0.8062678389251232,0.9105660021305084,0.9653712511062622
Stanford (NCM),Mean,0.8360011829063296,0.9196067648008465,0.9638938248157501
Stanford (NCM),Std,0.1381099725623805,0.13721500107704618,0.010683238976790937
