dataset,family,configuration,exp,MAPE (%),RMSE (%),R2
LFP,case,Case A,1,0.9154603,1.0058272,0.8366463780403137
LFP,case,Case A,2,1.5315297,1.5749583,0.5994837284088135
LFP,case,Case A,3,0.8564835,0.9556799,0.8525288701057434
LFP,case,Case A,4,0.8126449,0.90291464,0.8683637380599976
LFP,case,Case A,5,0.8676188,0.98088074,0.8446488380432129
LFP,case,Case A,6,0.75242764,0.843592,0.8850928544998169
LFP,case,Case A,7,0.7835267,0.8596465,0.8806776404380798
LFP,case,Case A,8,0.7826845,0.85488695,0.8819952607154846
LFP,case,Case A,9,0.9535122,1.040369,0.825234055519104
LFP,case,Case A,10,0.80609554,0.8917029,0.8716126084327698
LFP,case,Case B,1,1.0933619,1.1788336,0.7755684852600098
LFP,case,Case B,2,1.0732839,1.1592282,0.7829715013504028
LFP,case,Case B,3,0.79061025,0.8469876,0.884140133857727
LFP,case,Case B,4,1.0190216,1.1263865,0.7950944900512695
LFP,case,Case B,5,1.0202402,1.1001613,0.804524838924408
LFP,case,Case B,6,0.872557,0.9598611,0.8512024879455566
LFP,case,Case B,7,0.8408464,0.8932091,0.8711497783660889
LFP,case,Case B,8,1.0067593,1.1120393,0.8002811074256897
LFP,case,Case B,9,1.0403405,1.1359168,0.7916123867034912
LFP,case,Case B,10,0.8273245,0.9036816,0.8681106567382812
LFP,case,Case C,1,0.76959884,0.84376025,0.8848521709442139
LFP,case,Case C,2,0.80872744,0.9039198,0.8678469061851501
LFP,case,Case C,3,0.6968261,0.7636836,0.9056711196899414
LFP,case,Case C,4,0.76705635,0.8428896,0.8850896954536438
LFP,case,Case C,5,0.9692356,1.0498724,0.8217248916625977
LFP,case,Case C,6,0.7666889,0.8474136,0.8838528990745544
LFP,case,Case C,7,0.864801,0.9613381,0.8505245447158813
LFP,case,Case C,8,0.8935989,1.008312,0.8355600237846375
LFP,case,Case C,9,0.9789374,1.0618907,0.8176199793815613
LFP,case,Case C,10,0.9643979,1.0593084,0.8185059428215027
LFP,case,Case D,1,0.7939522,0.8610892,0.8803564310073853
LFP,case,Case D,2,0.99421394,1.0990132,0.8051057457923889
LFP,case,Case D,3,0.8583685,0.9486526,0.8547862768173218
LFP,case,Case D,4,0.77924144,0.85306066,0.8825770616531372
LFP,case,Case D,5,0.8261407,0.92322797,0.8624656796455383
LFP,case,Case D,6,0.85775155,0.9508621,0.8541091084480286
LFP,case,Case D,7,1.1571292,1.2744097,0.7379336953163147
LFP,case,Case D,8,0.8347505,0.9078145,0.8670196533203125
LFP,case,Case D,9,1.2021587,1.27283,0.738582968711853
LFP,case,Case D,10,0.8174265,0.9273903,0.8612227439880371
LFP,freq,0.01 Hz,1,1.2432498,1.3257483,0.6942849159240723
LFP,freq,0.01 Hz,2,0.67868775,0.72042465,0.9097240567207336
LFP,freq,0.01 Hz,3,0.6541286,0.7192055,0.9100293517112732
LFP,freq,0.01 Hz,4,0.6134701,0.6257908,0.9318833947181702
LFP,freq,0.01 Hz,5,1.4984763,1.5924098,0.5589330792427063
LFP,freq,0.01 Hz,6,1.1544641,1.2244818,0.7392048835754395
LFP,freq,0.01 Hz,7,0.705915,0.8050781,0.8872618675231934
LFP,freq,0.01 Hz,8,0.62667006,0.69047874,0.917073130607605
LFP,freq,0.01 Hz,9,0.68533856,0.69916826,0.914972722530365
LFP,freq,0.01 Hz,10,1.2774725,1.3408213,0.6872937679290771
LFP,freq,0.05 Hz,1,0.6542573,0.67709213,0.9259300827980042
LFP,freq,0.05 Hz,2,1.2541305,1.354361,0.7036429643630981
LFP,freq,0.05 Hz,3,0.6359596,0.6832942,0.924566924571991
LFP,freq,0.05 Hz,4,0.882208,0.9623284,0.8503788709640503
LFP,freq,0.05 Hz,5,0.6366782,0.6774438,0.9258531332015991
LFP,freq,0.05 Hz,6,0.6396543,0.7026981,0.9202218651771545
LFP,freq,0.05 Hz,7,1.1255624,1.1569208,0.7837512493133545
LFP,freq,0.05 Hz,8,1.3737031,1.4552885,0.6578278541564941
LFP,freq,0.05 Hz,9,0.6218081,0.6716795,0.9271095991134644
LFP,freq,0.05 Hz,10,0.69190663,0.7121758,0.9180552959442139
LFP,freq,0.1 Hz,1,0.6542573,0.67709213,0.9259300827980042
LFP,freq,0.1 Hz,2,1.2541305,1.354361,0.7036429643630981
LFP,freq,0.1 Hz,3,0.6359596,0.6832942,0.924566924571991
LFP,freq,0.1 Hz,4,0.882208,0.9623284,0.8503788709640503
LFP,freq,0.1 Hz,5,0.6366782,0.6774438,0.9258531332015991
LFP,freq,0.1 Hz,6,0.6396543,0.7026981,0.9202218651771545
LFP,freq,0.1 Hz,7,1.1255624,1.1569208,0.7837512493133545
LFP,freq,0.1 Hz,8,1.3737031,1.4552885,0.6578278541564941
LFP,freq,0.1 Hz,9,0.6218081,0.6716795,0.9271095991134644
LFP,freq,0.1 Hz,10,0.69190663,0.7121758,0.9180552959442139
LFP,freq,0.5 Hz,1,0.6544434,0.67713416,0.9259209036827087
LFP,freq,0.5 Hz,2,1.2543232,1.3545566,0.7035573720932007
LFP,freq,0.5 Hz,3,0.6360332,0.6796777,0.925363302230835
LFP,freq,0.5 Hz,4,0.8818453,0.96182805,0.8505343794822693
LFP,freq,0.5 Hz,5,0.5931135,0.6520157,0.9313149452209473
LFP,freq,0.5 Hz,6,0.6397807,0.70272195,0.92021644115448
LFP,freq,0.5 Hz,7,1.1257842,1.1571456,0.7836671471595764
LFP,freq,0.5 Hz,8,1.3740022,1.4555728,0.6576942205429077
LFP,freq,0.5 Hz,9,0.6209262,0.6705674,0.9273507595062256
LFP,freq,0.5 Hz,10,0.69241107,0.7126374,0.9179490804672241
