Dataset,Perturbation Family,Configuration,N Experiments,Mean MAPE (%),Std MAPE (%),Mean RMSE (%),Std RMSE (%),Mean R2,Std R2
Stanford,SOC-Error Cases,Case A,10,0.611192,0.047260,0.745115,0.061233,0.976662,0.003899
Stanford,SOC-Error Cases,Case B,10,0.567478,0.055649,0.647683,0.061479,0.982169,0.003463
Stanford,SOC-Error Cases,Case C,10,0.618385,0.046687,0.750958,0.042806,0.976368,0.002701
Stanford,SOC-Error Cases,Case D,10,0.527510,0.021374,0.624140,0.032148,0.983499,0.001680
Stanford,Sampling Frequency,0.01 Hz,10,0.558702,0.049162,0.648297,0.055673,0.982174,0.002974
Stanford,Sampling Frequency,0.05 Hz,10,0.595016,0.066813,0.684819,0.068471,0.980062,0.004084
Stanford,Sampling Frequency,0.1 Hz,10,0.588137,0.081185,0.664578,0.088683,0.981084,0.005003
Stanford,Sampling Frequency,0.5 Hz,10,0.582582,0.072068,0.667703,0.083453,0.980938,0.004963
LFP,SOC-Error Cases,Case A,10,0.906198,0.228533,0.991046,0.216061,0.834628,0.085129
LFP,SOC-Error Cases,Case B,10,0.958435,0.112786,1.041631,0.125937,0.822466,0.041308
LFP,SOC-Error Cases,Case C,10,0.847987,0.100807,0.934239,0.108324,0.857125,0.032576
LFP,SOC-Error Cases,Case D,10,0.912113,0.153008,1.001835,0.158152,0.834416,0.054927
LFP,Sampling Frequency,0.01 Hz,10,0.913787,0.338513,0.974361,0.355649,0.815066,0.133123
LFP,Sampling Frequency,0.05 Hz,10,0.851587,0.291639,0.905328,0.308566,0.853734,0.102842
LFP,Sampling Frequency,0.1 Hz,10,0.851587,0.291639,0.905328,0.308566,0.853734,0.102842
LFP,Sampling Frequency,0.5 Hz,10,0.847266,0.295629,0.902386,0.311188,0.854357,0.103400
