ChargingTime,VoltageSlope,VoltageStd,VoltageKurtosis,VoltageSkewness,VoltageEntropy,VoltageCurvature,Normalized Capacity
1151.0,0.0001388431935953759,0.04621749711713279,-1.2385282488934257,-0.07522371497836021,6.558697782406968,-1.3422930879120959e-08,1.0148185605062998
1100.0100000000093,0.00011475442300170585,0.04141585115958296,-1.0827356226155593,-0.1211157514600585,-0.0,-1.4387513274781778e-08,1.0132837005701507
1100.0100000000093,0.0001143352475303769,0.04126154567530345,-1.0997660776803893,-0.11636092663821165,-0.0,-1.388439418653115e-08,1.0117682982736083
1100.0,0.00011419580419582319,0.04121231060562537,-1.0890270636227362,-0.11750489904044654,-0.0,-1.393606393606435e-08,1.0102740169410271
1100.0,0.00011370629370627742,0.04103176891880303,-1.0969683211162256,-0.11219361738828297,-0.0,-1.3236763236763803e-08,1.0088025198967618
1100.0,0.00011370629370629099,0.0410317689188032,-1.0969683211162249,-0.11219361738830244,-0.0,-1.3236763236765477e-08,1.0073554704651666
1100.0,0.00011388111888111616,0.04109071634441245,-1.089227569285664,-0.10128363611878599,-0.0,-1.1963036963042385e-08,1.0059345319705966
1100.0,0.00011388111888111616,0.04109071634441245,-1.089227569285664,-0.10128363611878599,-0.0,-1.1963036963042385e-08,1.0045413677374055
1100.0,0.00011339160839161111,0.040915563461027114,-1.0944847826269943,-0.10739823214667589,-0.0,-1.2612387612390492e-08,1.0031776410899487
1100.0,0.00011377622377621834,0.04105207336143614,-1.0804652596632474,-0.09569745966694518,-0.0,-1.1238761238765739e-08,1.00184501535258
1100.0,0.00011328671328671329,0.04087749621698595,-1.0920793955545522,-0.10083711373579632,-0.0,-1.1888111888112238e-08,1.0005451538496544
1100.0,0.0001137762237761928,0.04105207336143605,-1.0804652596632436,-0.09569745966693705,-0.0,-1.1238761238761118e-08,0.9992797199055263
1100.0,0.00011363636363635007,0.041000739091638455,-1.0798242692823952,-0.0896030627617904,-0.0,-1.0539460539458309e-08,0.9980503768445501
1100.0,0.00011332167832167018,0.040885927785842054,-1.0956363005673375,-0.09350800475425629,-0.0,-1.1013986013990771e-08,0.9968587879910804
1100.0,0.00011332167832167018,0.040890374506388695,-1.0545182482200788,-0.08574560053677595,-0.0,-9.965034965037381e-09,0.9957066166694719
1100.0,0.00011342657342659514,0.040924172304249155,-1.0645248906407112,-0.07931356691754576,-0.0,-9.240759240762469e-09,0.9945955262040788
1100.0,0.00011353146853147938,0.0409666346130012,-1.069698858050781,-0.09603051827014966,-0.0,-1.1263736263736137e-08,0.9935271799192558
1100.0,0.00011377622377623192,0.041052073361436035,-1.0804652596632423,-0.09569745966695649,-0.0,-1.1238761238761196e-08,0.9925032411393575
1100.0,0.00011332167832171246,0.04088222181591975,-1.0954232388923912,-0.08328773812003969,-0.0,-9.765234765237035e-09,0.9915253731887382
1100.0,0.00011370629370629099,0.04101995080002378,-1.0806113498640602,-0.07148902023328145,-0.0,-8.391608391608991e-09,0.9905952393917526
1100.0,0.00011374125874126146,0.041037584399344684,-1.0774376646495076,-0.08868894401009059,-0.0,-1.0364635364637364e-08,0.9897145030727553
1100.0,0.00011374125874126146,0.041037584399344684,-1.0774376646495076,-0.08868894401009059,-0.0,-1.0364635364637364e-08,0.9888848275561007
1100.0,0.00011370629370627901,0.041019581428947606,-1.0789936414742411,-0.07169308935076196,-0.0,-8.341658341660169e-09,0.9881078761661434
1100.0,0.00011342657342659514,0.04092417230424922,-1.0645248906407296,-0.07931356691752384,-0.0,-9.240759240762366e-09,0.9873853122272377
1100.0,0.00011307692307691765,0.040791784674977155,-1.0977586834261936,-0.07877521612632662,-0.0,-9.24075924075878e-09,0.9867187990637386
1710.0,7.292954771497981e-05,0.03698195305530301,-1.1074853782321947,-0.10229550163889724,2.316294010523678,-5.806084468915342e-09,0.98611
1151.0599999995902,0.00013766102219859826,0.04587711345823034,-1.210403354969798,-0.14756530241467702,6.551466534294514,-2.592690877529075e-08,0.9849554724830611
1100.0,0.00011426573426573698,0.0412284838283907,-1.0743308700795915,-0.08935422383658934,-0.0,-1.0589410589410068e-08,0.9843836163389664
1100.0,0.00011377622377620478,0.04105207336143601,-1.080465259663246,-0.09569745966693122,-0.0,-1.1238761238762935e-08,0.9838173402875384
1100.0,0.00011377622377623192,0.041052073361436035,-1.0804652596632423,-0.09569745966695649,-0.0,-1.1238761238761196e-08,0.9832581255910902
1100.0,0.00011419580419582319,0.041194292043555056,-1.0970476729591812,-0.07209285894688847,-0.0,-8.591408591413645e-09,0.9827074535119338
1100.0,0.00011374125874126146,0.041037584399344684,-1.0774376646495076,-0.08868894401009059,-0.0,-1.0364635364637364e-08,0.9821668053123825
1100.0,0.00011346153846156402,0.04093333456717016,-1.068055782805526,-0.07201455929209534,-0.0,-8.366633366632788e-09,0.9816376622547491
1100.0,0.00011346153846155203,0.04093333456717005,-1.068055782805539,-0.07201455929209297,-0.0,-8.366633366635364e-09,0.9811215056013459
1100.0,0.00011412587412588227,0.04117589762779376,-1.0623495432296743,-0.0767225689161146,-0.0,-8.991008991010948e-09,0.9806198166144859
1100.0,0.00011402097902097088,0.04113494054126412,-1.0834687586577585,-0.07631252747523867,-0.0,-9.015984015985998e-09,0.9801340765564819
1100.0,0.00011412587412585514,0.04117589762779357,-1.0623495432296637,-0.07672256891616341,-0.0,-8.991008991014796e-09,0.9796657666896463
1100.0,0.00011423076923076492,0.04121001275800753,-1.0722253814301137,-0.07037625918216965,-0.0,-8.266733266734257e-09,0.9792163682762921
1100.0,0.00011402097902097088,0.04113494054126405,-1.0834687586577503,-0.07631252747531724,-0.0,-9.015984015988535e-09,0.978787362578732
1100.0,0.0001139160839160595,0.041097076501494516,-1.0745549463237796,-0.07060025412456998,-0.0,-8.291708291714074e-09,0.9783802308592787
1100.0,0.00011426573426572341,0.04121966285719235,-1.0757583433154858,-0.06314029735328676,-0.0,-7.392607392607594e-09,0.9779964543802447
1100.0,0.00011426573426572341,0.04121966285719235,-1.0757583433154858,-0.06314029735328676,-0.0,-7.392607392607594e-09,0.9776375144039432
1100.0,0.00011384615384614571,0.04106535810587354,-1.0916916345178045,-0.05820397595807085,-0.0,-6.893106893108754e-09,0.9773048921926866
1100.0099999997765,0.0001140904702758223,0.04115629853486474,-1.0881217155545604,-0.06638727621027961,-0.0,-7.868462320857629e-09,0.9770000690087876
1100.0,0.00011335664335665421,0.04089565435904588,-1.0590271459485319,-0.06624777412635276,-0.0,-7.642357642357414e-09,0.9767245261145591
1100.0,0.00011426573426575054,0.04121892769104996,-1.0783130118023836,-0.05531735357086358,-0.0,-6.59340659340569e-09,0.9764797447723137
1100.0,0.00011370629370627742,0.04101404046362075,-1.0828413638084449,-0.047477733855429964,-0.0,-5.5944055944088494e-09,0.9762672062443641
1100.0,0.00011426573426572341,0.041219662857192516,-1.0757583433154827,-0.06314029735334527,-0.0,-7.392607392610616e-09,0.9760883917930232
1100.0,0.00011440559440557813,0.041270357694626635,-1.066603924142566,-0.05451969095601632,-0.0,-6.343656343656716e-09,0.9759447826806036
1100.0,0.00011447552447549192,0.041295681775862826,-1.0722470304543479,-0.054390019239410885,-0.0,-6.493506493510952e-09,0.9758378601694181
1100.0,0.00011447552447549192,0.041295681775862826,-1.0722470304543479,-0.054390019239410885,-0.0,-6.493506493510952e-09,0.9757691055217793
1151.0300000002608,0.00013686031937521005,0.04562946113474279,-1.1973713862914426,-0.16858514632322985,6.550281096612146,-2.933296975058237e-08,0.9757242517601689
1100.0100000002421,0.0001140895065272416,0.04115850734991171,-1.0635352589410647,-0.05972654961786904,-0.0,-6.966919029218629e-09,0.9757176408156991
1100.0,0.000114160839160824,0.04118132483482667,-1.069204663235604,-0.04953882228632462,-0.0,-5.869130869130437e-09,0.9757117773643723
1100.0,0.00011388111888111616,0.04107522662657183,-1.0951372544974776,-0.0509543750380046,-0.0,-6.018981018981723e-09,0.9757065904383224
1100.0,0.00011447552447553262,0.041295681775862875,-1.0722470304543341,-0.05439001923936292,-0.0,-6.493506493507413e-09,0.975702009069684
1100.0,0.00011409090909092537,0.0411585073499116,-1.0635352589410716,-0.059726549617816246,-0.0,-6.9680319680334665e-09,0.975697962290591
1100.0,0.00011416083916085274,0.04118132483482672,-1.0692046632355938,-0.049538822286237835,-0.0,-5.869130869127222e-09,0.9756943791331779
1100.0,0.00011444055944056215,0.04128201237166796,-1.0689690623772852,-0.047354255848666406,-0.0,-5.619380619381706e-09,0.9756911886295786
1100.0,0.00011458041958043044,0.04133116441034716,-1.078815236921403,-0.05798942848600642,-0.0,-6.768231768231648e-09,0.9756883198119276
1100.0,0.00011444055944056215,0.04128201237166796,-1.0689690623772852,-0.047354255848666406,-0.0,-5.619380619381706e-09,0.9756857017123592
1100.0,0.00011416083916085274,0.041181324834826685,-1.0692046632355843,-0.04953882228621874,-0.0,-5.86913086913659e-09,0.9756832633630073
1100.0,0.00011440559440557813,0.041270357694626635,-1.066603924142566,-0.05451969095601632,-0.0,-6.343656343657989e-09,0.9756809337960063
1100.0,0.00011479020979015823,0.041410271745795195,-1.0507241123702438,-0.04253172399637546,-0.0,-4.970029970034097e-09,0.9756786420434902
1100.0,0.00011479020979015823,0.041410271745795195,-1.0507241123702438,-0.04253172399637546,-0.0,-4.970029970034097e-09,0.9756763171375937
1100.0,0.00011458041958038974,0.041326765118401367,-1.0818800905572656,-0.03393765938660949,-0.0,-4.020979020980202e-09,0.9756738881104507
1100.0,0.00011468531468530112,0.04137375833530095,-1.0416320009208713,-0.03666463488557361,-0.0,-4.245754245754449e-09,0.9756712839941954
1100.0,0.00011472027972025801,0.04137952575266121,-1.083230889757852,-0.04422051746756453,-0.0,-5.219780219783886e-09,0.9756684338209622
1100.0,0.0001145804195804033,0.04132676511840134,-1.0818800905572579,-0.03393765938655282,-0.0,-4.0209790209803386e-09,0.9756652666228851
1100.0,0.0001145804195804033,0.04132676511840134,-1.0818800905572579,-0.03393765938655282,-0.0,-4.0209790209803386e-09,0.9756617114320987
1100.0,0.0001145804195804033,0.04132676511840134,-1.0818800905572579,-0.03393765938655282,-0.0,-4.0209790209803386e-09,0.9756576972807367
1100.0,0.00011430069930072101,0.04122986193466465,-1.0602370444582783,-0.024394091870996008,-0.0,-2.872127872130729e-09,0.9756531532009337
1100.0,0.00011447552447551905,0.04129017786203859,-1.0733823526745527,-0.020516681994128642,-0.0,-2.4475524475559864e-09,0.9756480082248238
1100.0,0.00011430069930072101,0.04122986193466465,-1.0602370444582783,-0.024394091870996008,-0.0,-2.872127872130729e-09,0.9756421913845413
1100.0,0.00011430069930072101,0.04122986193466465,-1.0602370444582783,-0.024394091870996008,-0.0,-2.872127872130729e-09,0.9756356317122205
1100.0,0.00011447552447551905,0.04129054481245176,-1.0728396593844032,-0.02801477270254795,-0.0,-3.2967032967017784e-09,0.9756282582399951
1151.0300000002608,0.00013580096744201075,0.04528780042656465,-1.1855585994556619,-0.18019051110186315,6.551563082555701,-3.097207726874314e-08,0.9755385665349599
1100.0,0.00011447552447550548,0.0412905448124518,-1.072839659384383,-0.02801477270257752,-0.0,-3.2967032967035916e-09,0.9754525953478865
1100.0,0.00011510489510490595,0.04151961931278729,-1.0671266958496057,-0.032319488094662556,-0.0,-3.8461538461575066e-09,0.9753388849461986
1100.0,0.00011517482517481974,0.04154187372672629,-1.0732367522896331,-0.019173476351353254,-0.0,-2.24775224775315e-09,0.9751992581462118
1100.0,0.00011426573426575054,0.0412130458898047,-1.078862468195293,-0.029058120127636467,-0.0,-3.3966033966064033e-09,0.9750355377642419
1100.0,0.00011430069930070744,0.041229861934664686,-1.06023704445826,-0.02439409187105661,-0.0,-2.8721278721290292e-09,0.9748495466166047
1100.0,0.00011496503496506481,0.041467036927120254,-1.0648751256418816,-0.011904774333700017,-0.0,-1.3986013985978848e-09,0.974643107519616
1100.0,0.00011496503496506481,0.041467036927120254,-1.0648751256418816,-0.011904774333700017,-0.0,-1.3986013985978848e-09,0.9744180432895917
1100.0,0.00011468531468531469,0.04136386946321274,-1.0818305481746493,-0.01320529836918601,-0.0,-1.5984015984021917e-09,0.9741761767428472
1100.0,0.0001148601398601263,0.0414322192005061,-1.0555846814551355,-0.0158255346042716,-0.0,-1.923076923078685e-09,0.9739193306956986
1100.0,0.00011496503496502412,0.04146703692712014,-1.064875125641886,-0.011904774333673492,-0.0,-1.3986013986031957e-09,0.9736493279644612
1100.0,0.00011510489510487882,0.041517429709664905,-1.0674101099973263,0.006041342144947465,-0.0,6.493506493463919e-10,0.9733679913654515
1100.0,0.00011472027972028514,0.04137513160283007,-1.0851256380897825,-0.006067502586037943,-0.0,-7.242757242781747e-10,0.9730771437149845
1100.0,0.00011500000000000813,0.041484845717953744,-1.0461233078194665,-0.007092520008063627,-0.0,-8.741258741247716e-10,0.9727786078293764
1100.0,0.00011517482517480618,0.04154479145416064,-1.0588814464076677,-0.01085186219401825,-0.0,-1.29870129870002e-09,0.9724742065249428
1100.0,0.00011482517482519653,0.041420240989597866,-1.0523165994025812,-0.008731930784678299,-0.0,-1.0489510489528385e-09,0.9721657626179996
1100.0,0.00011496503496506481,0.04146703692712025,-1.064875125641897,-0.011904774333646112,-0.0,-1.3986013986052444e-09,0.9718550989248622
1100.0,0.00011520979020977664,0.041552722989941185,-1.0764818219651842,-0.012053126473670284,-0.0,-1.3736263736294058e-09,0.9715440382618469
1100.0,0.00011520979020979021,0.041552722989941254,-1.0764818219651766,0.012053126473634124,-0.0,1.3736263736252788e-09,0.971234403445269
1100.0,0.00011513986013987642,0.04153302811308639,-1.0556281843239852,0.0037682236270843166,-0.0,4.245754245781543e-10,0.9709280172914445
1100.0,0.00011513986013984929,0.041533028113086366,-1.05562818432398,-0.003768223627086056,-0.0,-4.2457542457142484e-10,0.9706267026166892
1100.0,0.00011513986013984929,0.041533028113086366,-1.05562818432398,-0.003768223627086056,-0.0,-4.2457542457142484e-10,0.9703322822373186
1100.0,0.00011520979020981734,0.041552722989941164,-1.076481821965188,0.012053126473660736,-0.0,1.373626373623605e-09,0.9700465789696485
1100.0,0.00011520979020981734,0.041552722989941164,-1.076481821965188,0.012053126473660736,-0.0,1.373626373623605e-09,0.9697714156299951
1100.0,0.00011520979020981734,0.041552722989941164,-1.076481821965188,0.012053126473660736,-0.0,1.373626373623605e-09,0.9695086150346736
1151.0599999995902,0.00013191422471770924,0.044007962743060756,-1.1702289480840682,-0.19505437863521963,6.549231072183232,-3.237674467388135e-08,0.9687730625687789
1100.0,0.00011426573426573698,0.04121745731942711,-1.0569390782120271,-0.017283730320365977,-0.0,-1.998001998002196e-09,0.9685258702751708
1100.0,0.00011465034965035779,0.04135974840202471,-1.0394198645699602,-0.00501542148660321,-0.0,-6.243756243753662e-10,0.9682762911713877
1100.0,0.00011465034965037135,0.04135974840202481,-1.0394198645699553,-0.0050154214865521015,-0.0,-6.243756243722766e-10,0.9680243969387975
1100.0,0.00011496503496505125,0.04146740231248456,-1.0645353012618375,0.012410692412838743,-0.0,1.3486513486481039e-09,0.9677702592587678
1100.0,0.00011520979020981734,0.041552722989941164,-1.076481821965188,0.012053126473660736,-0.0,1.373626373623605e-09,0.9675139498126664
1100.0,0.00011552447552448367,0.041676241324153665,-1.0376345944357563,0.01597756998058661,-0.0,1.7982017982001472e-09,0.967255540281861
1100.0,0.0001148601398601263,0.041432219200506125,-1.055142350689842,0.018504732082488557,-0.0,2.0729270729265515e-09,0.9669951023477191
1100.0,0.00011552447552448367,0.041666060601652885,-1.0794933476564843,0.016950136582385988,-0.0,1.99800199800167e-09,0.9667327076916088
1100.0,0.00011552447552448367,0.041666060601652885,-1.0794933476564843,0.016950136582385988,-0.0,1.99800199800167e-09,0.9664684279948974
1100.0,0.00011555944055944056,0.041688145978821284,-1.0407956311093611,0.023023164150277376,-0.0,2.672327672327164e-09,0.9662023349389529
1100.0,0.00011590909090910448,0.04180936171807368,-1.0612983523625814,0.02900938534646166,-0.0,3.3716283716250743e-09,0.9659345002051428
1100.0,0.00011545454545450204,0.04164860214468257,-1.046651667250129,0.013132614418009194,-0.0,1.5984015984006797e-09,0.9656649954748349
1100.0099999997765,0.00011548907956378397,0.041659787310881415,-1.0499402453938191,0.006042048505730158,-0.0,7.256838663458987e-10,0.9653938924293969
1100.0,0.0001573426573426302,0.05693137815108486,-1.4425154500209503,-0.12562558520382,-0.0,-2.56243756243779e-08,0.9651212627501963
1100.0,0.00011566433566436552,0.041723839562997814,-1.0498091388266637,0.028939593932447234,-0.0,3.3966033966020387e-09,0.9648471781186012
1100.0,0.00011566433566436552,0.041723839562997814,-1.0498091388266637,0.028939593932447234,-0.0,3.3966033966020387e-09,0.964571710215979
1100.0,0.0001159790209790047,0.04183399733868767,-1.0658240677708977,0.018846529367058166,-0.0,2.2727272727233957e-09,0.9642949307236975
1100.0,0.00011615384615382988,0.041905738379020493,-1.0319139816427398,0.030147753631043592,-0.0,3.5964035964011444e-09,0.9640169113231245
1100.0,0.00011590909090910448,0.04180936171807373,-1.0612983523625676,0.029009385346449586,-0.0,3.3716283716302004e-09,0.9637377236956275
1100.0,0.00011566433566433837,0.04172383956299791,-1.049809138826649,0.028939593932462333,-0.0,3.39660339660149e-09,0.9634574395225742
1100.0100000007078,0.00011566325319303526,0.04172383956299791,-1.049809138826649,0.028939593932462333,-0.0,3.3942707675224018e-09,0.9631761304853326
1100.0,0.00011576923076924976,0.041764400528621876,-1.04850363570717,0.04225302135218864,-0.0,4.970029970030893e-09,0.9628938682652701
1100.0,0.00011636363636363908,0.04197907126464832,-1.0475620383370503,0.04065456753353545,-0.0,4.895104895103121e-09,0.9626107245437545
1100.0,0.00011678321678321678,0.042127152404321924,-1.0597097640355768,0.04146796652473801,-0.0,4.995004995004736e-09,0.9623267710021535
1100.0,0.00011587412587410688,0.04179894155539726,-1.0579814174774116,0.03610682673100701,-0.0,4.245754245751521e-09,0.9620420793218349
1100.0,0.00011590909090909091,0.04180936171807372,-1.0612983523625814,0.0290093853464454,-0.0,3.3716283716260144e-09,0.9617567211841663
1100.0,0.00011590909090909091,0.04180936171807372,-1.0612983523625814,0.0290093853464454,-0.0,3.3716283716260144e-09,0.9614707682705154
1100.0,0.00011590909090909091,0.04180936171807372,-1.0612983523625814,0.0290093853464454,-0.0,3.3716283716260144e-09,0.9611842922622499
1100.0,0.00011660839160840517,0.04206803652382289,-1.0465911432952737,0.04548971337812803,-0.0,5.4195804195771095e-09,0.9608973648407375
1100.0,0.00011678321678323035,0.04212715240432198,-1.059709764035581,0.04146796652467346,-0.0,4.9950049950014495e-09,0.9606100576873461
1100.0,0.00011636363636366621,0.04197907126464833,-1.047562038337052,0.040654567533513916,-0.0,4.89510489510525e-09,0.960322442483443
1100.0,0.00011587412587412045,0.04179894155539725,-1.0579814174774071,0.03610682673098723,-0.0,4.2457542457525846e-09,0.9600345909103962
1100.0,0.0001158041958042338,0.041777549429850895,-1.0516867386042559,0.049227567031153774,-0.0,5.844155844153898e-09,0.9597465746495735
1100.0,0.0001162587412587277,0.041943956114623454,-1.0387162218522659,0.048391733060966835,-0.0,5.619380619382251e-09,0.9594584653823423
1100.0,0.00011597902097901827,0.04184196458102809,-1.0378908209453257,0.03688277341871042,-0.0,4.120879120879667e-09,0.9591703347900705
1100.0,0.00011685314685308824,0.04215339951782181,-1.0578491646455221,0.045484427339688244,-0.0,5.3946053946055164e-09,0.9588822545541258
1100.0,0.00011608391608391609,0.04187499434644924,-1.072655444956969,0.058430009059608885,-0.0,6.993006993004603e-09,0.9585942963558757
1100.0,0.00011615384615385701,0.04190971537035583,-1.0291309518343055,0.05456544814671198,-0.0,6.343656343652638e-09,0.958306531876688
1100.0,0.00011632867132865505,0.04197067879827386,-1.0413831635486064,0.057963604151212454,-0.0,6.768231768228505e-09,0.9580190327979305
1100.0,0.00011618881118882747,0.041922999401138694,-1.0322234796794647,0.06150030185987491,-0.0,7.21778221778093e-09,0.9577318708009711
1100.0,0.00011660839160841874,0.04206803652382277,-1.0455436261025246,0.04603403824849041,-0.0,5.369630369630272e-09,0.957445117567177
1100.0,0.00011657342657347542,0.04205804070423132,-1.0421546982682224,0.053107100482329236,-0.0,6.243756243755779e-09,0.9571588447779162
1100.0,0.00011660839160839161,0.04206803652382274,-1.0465911432952661,0.04548971337818207,-0.0,5.419580419578074e-09,0.9568731241145565
1100.0,0.0001164685314685369,0.04202046759580017,-1.0530297108495783,0.07058540051116817,-0.0,8.366633366630534e-09,0.9565880272584655
1100.0,0.0001164685314685369,0.04202046759580017,-1.0530297108495783,0.07058540051116817,-0.0,8.366633366630534e-09,0.9563036258910107
1100.0,0.00011678321678321678,0.042132546981538024,-1.0559172984486112,0.06534937492933361,-0.0,7.742257742256423e-09,0.95601999169356
1100.0,0.00011657342657342114,0.04205804070423143,-1.0421546982682224,0.05310710048226619,-0.0,6.2437562437514425e-09,0.9557371963474812
1100.0,0.0001164685314685369,0.04202407318755199,-1.0326115211018103,0.05929203792628532,-0.0,6.968031968031189e-09,0.9554553115341418
1100.0,0.00011681818181816012,0.042143603706058824,-1.0545404996590373,0.05254577541662511,-0.0,6.2687312687272815e-09,0.9551744089349095
1100.0,0.00011685314685315771,0.042153399517821724,-1.057849164645519,0.045484427339773065,-0.0,5.394605394605674e-09,0.9548945602311522
1100.0,0.00011660839160839161,0.042073798799900905,-1.0425323705270797,0.06951047120075073,-0.0,8.166833166827112e-09,0.9546158371042375
1100.0,0.00011646853146850976,0.04202046759580017,-1.053029710849603,0.07058540051105258,-0.0,8.366633366632496e-09,0.954338311235533
1100.0,0.00011650349650348022,0.042037501295290075,-1.0356768423072646,0.06619927354666967,-0.0,7.842157842154344e-09,0.9540620543064064
1100.0,0.00011709790209792218,0.042247018901463436,-1.0591560442644286,0.06998761710459689,-0.0,8.366633366634942e-09,0.9537871379982259
1100.0,0.0001174125874126037,0.04235742573801581,-1.051846446232689,0.05354390138108374,-0.0,6.3436563436568805e-09,0.9535136339923586
1100.0,0.00011678321678318965,0.04213506421454269,-1.0563056398901887,0.07521950972487954,-0.0,8.991008991009811e-09,0.9532416139701722
1100.0,0.00011646853146850976,0.04202046759580028,-1.053029710849605,0.0705854005110796,-0.0,8.36663336663551e-09,0.9529711496130346
1100.0,0.00011716783216780884,0.042281434424221,-1.0363353827220894,0.08736672767281353,-0.0,1.0364635364632462e-08,0.9527023126023139
1100.0,0.00011678321678318965,0.04213506421454269,-1.0563056398901887,0.07521950972487954,-0.0,8.991008991009811e-09,0.9524351746193771
1100.0,0.00011685314685318485,0.042159509513563315,-1.053496012149295,0.06930209638741093,-0.0,8.14185814185656e-09,0.9521698073455923
1100.0100000016391,0.00011709681528632179,0.04224701890146339,-1.0591560442644172,0.06998761710462441,-0.0,8.364163291864196e-09,0.9519062824623271
1100.0,0.0001171678321678376,0.04228143442422087,-1.0363353827220971,0.08736672767281849,-0.0,1.0364635364631767e-08,0.9516446716509493
1100.0,0.0001171678321678376,0.04228143442422087,-1.0363353827220971,0.08736672767281849,-0.0,1.0364635364631767e-08,0.9513850465928264
1100.0,0.00011741258741257655,0.04236708270544117,-1.0490770222351828,0.08661429889921862,-0.0,1.038961038960663e-08,0.9511274789693263
1100.0,0.00011716783216786473,0.04227928427478259,-1.0561893278106078,0.08785387443789358,-0.0,1.0514485514481362e-08,0.9508720404618166
1100.0099999997765,0.00011751598908335862,0.04240095410590315,-1.0587797547650022,0.08040821407255823,-0.0,9.665184110056038e-09,0.9506188027516651
1100.0,0.0001171678321678376,0.04228143442422099,-1.0363353827220927,0.08736672767279706,-0.0,1.0364635364633092e-08,0.9503678375202393
1100.0,0.0001171678321678376,0.04228143442422099,-1.0363353827220927,0.08736672767279706,-0.0,1.0364635364633092e-08,0.9501192164489072
1100.0,0.00011811188811187726,0.04262912647759068,-1.032241423586573,0.1032122154723783,-0.0,1.2387612387608512e-08,0.9498730112190362
1100.0,0.00011828671328672957,0.042683738298695366,-1.0471165210558726,0.08725071693214839,-0.0,1.0514485514484167e-08,0.9496292935119943
1100.0,0.00011674825174824631,0.04213065895808444,-1.043301967055801,0.08950024028976303,-0.0,1.0614385614383957e-08,0.9493881350091489
1100.0,0.00011783216783216783,0.04252485903990317,-1.0558976162813236,0.10852288932347702,-0.0,1.303696303696947e-08,0.949149607391868
1100.0,0.00011797202797207682,0.04256438972577048,-1.0626422822546242,0.08111467686009147,-0.0,9.740259740259908e-09,0.948913782341519
1100.0,0.00011800699300702014,0.04258351864989629,-1.0695003187811867,0.10423556034289716,-0.0,1.2612387612387285e-08,0.9486807315394699
1100.0,0.00011790209790210875,0.042545875418793774,-1.0612014715337403,0.09877544209484795,-0.0,1.1888111888109874e-08,0.9484505266670881
1100.0,0.00011811188811185011,0.042629126477590706,-1.0322414235865962,0.10321221547231997,-0.0,1.2387612387611727e-08,0.9482232394057415
1100.0,0.00011835664335664335,0.04271496437805123,-1.0427484439014039,0.10278297979787411,-0.0,1.2362637362636687e-08,0.9479989414367979
1100.0,0.00011863636363632565,0.042816999597653255,-1.061257616503328,0.1154280964194364,-0.0,1.4010989010988567e-08,0.9477777044416247
1100.0,0.00011884615384614842,0.042894073193758396,-1.056597126273115,0.11433060966477154,-0.0,1.3911088911087107e-08,0.9475596001015898
1100.0,0.00011881118881117795,0.042893101797587194,-1.0149001572462713,0.11985200362457447,-0.0,1.4385614385612633e-08,0.9473447000980609
1100.0,0.00011895104895103267,0.0429319405006519,-1.0647145011481574,0.11968816900880304,-0.0,1.4635364635362355e-08,0.9471330761124057
1100.0,0.00011895104895103267,0.0429319405006519,-1.0647145011481574,0.11968816900880304,-0.0,1.4635364635362355e-08,0.9469247998259919
1100.0,0.00011839160839158669,0.04273030292285309,-1.045773794775855,0.1094722884594946,-0.0,1.3236763236762779e-08,0.9467199429201871
1100.0,0.0001189510489510598,0.04293194050065192,-1.064714501148144,0.11968816900880905,-0.0,1.4635364635364807e-08,0.9465185770763591
1100.0,0.00011933566433565349,0.04308017543083489,-1.0436533778293615,0.13164645179911727,-0.0,1.600899100899542e-08,0.9463207739758757
1100.0,0.00011951048951050579,0.04314317249963581,-1.0396255749878183,0.12605188451297147,-0.0,1.5334665334662413e-08,0.9461266053001044
1100.0,0.00011933566433570775,0.043080175430835,-1.0436533778293464,0.1316464517991667,-0.0,1.6008991008988226e-08,0.945936142730413
1100.0,0.00011933566433570775,0.043080175430835,-1.0436533778293464,0.1316464517991667,-0.0,1.6008991008988226e-08,0.9457494579481692
1100.0,0.0001196503496503605,0.04319616986387912,-1.046931443992278,0.13596414560306028,-0.0,1.6633366633365864e-08,0.9455666226347407
1100.0,0.00011951048951047866,0.04313825553854839,-1.0548827742641658,0.12067402273269531,-0.0,1.4835164835161441e-08,0.9453877084714953
1100.0,0.00011933566433568062,0.043080175430835026,-1.0436533778293513,0.13164645179916326,-0.0,1.6008991008990767e-08,0.9452127871398004
1100.0,0.0001196503496503605,0.04319616986387904,-1.0469314439922812,0.13596414560304668,-0.0,1.6633366633367267e-08,0.945041930321024
1100.0,0.00011999999999998371,0.04332540720052028,-1.0421949224813565,0.13774104685105742,-0.0,1.6933066933065982e-08,0.9448752096965338
1100.0,0.00011965034965035885,0.04319616986387895,-1.04693144399227,0.13596414560307898,-0.0,1.663336663336684e-08,0.9447126969476973
1100.0,0.00012045454545451831,0.04348902682913767,-1.0525519698825911,0.14240786078300718,-0.0,1.7607392607394683e-08,0.9445544637558823
1100.0,0.00012017482517478175,0.04338647673684002,-1.034475994408032,0.13035741303442414,-0.0,1.595904095904229e-08,0.9444005818024567
1100.0,0.00012003496503498131,0.04334524894449905,-1.0255747054697015,0.14790348962733027,-0.0,1.800699300699021e-08,0.9442511227687878
1100.0,0.0001205944055944273,0.04354751845554876,-1.0419095574574133,0.1511001963719079,-0.0,1.865634365634286e-08,0.9441061583362437
1100.0,0.00012069930069928442,0.043590727398742944,-1.024247585997832,0.15384747307293428,-0.0,1.8931068931067762e-08,0.9439657601861918
1151.0499999988824,0.00013077401124640705,0.04363104398583757,-1.1573089957208276,-0.19841937446206206,6.5419750937402,-3.24405863517814e-08,0.9435682448575208
1100.0,0.0001171678321678376,0.04228143442422087,-1.0363353827220971,0.08736672767281849,-0.0,1.0364635364631767e-08,0.9434410999646998
1100.0,0.00011748251748251749,0.042393181269890806,-1.0393441528218326,0.08210141667858936,-0.0,9.740259740258758e-09,0.9433163751415525
1100.0,0.00011825174825175911,0.042669625844351716,-1.044166412796131,0.08048947235170133,-0.0,9.640359640362263e-09,0.9431940191011249
1100.0,0.00011811188811190439,0.042629126477590706,-1.0322414235865955,0.10321221547234134,-0.0,1.2387612387610062e-08,0.9430739805564631
1100.0,0.00011811188811190439,0.042629126477590706,-1.0322414235865955,0.10321221547234134,-0.0,1.2387612387610062e-08,0.942956208220613
1100.0,0.00011776223776219977,0.04249349326305117,-1.0532266234903955,0.08860716333498289,-0.0,1.0589410589411077e-08,0.9428406508066205
1100.0,0.00011835664335664335,0.04271496437805123,-1.0427484439014039,0.10278297979787411,-0.0,1.2362637362636687e-08,0.942727257027532
1100.0,0.00011835664335664335,0.04271496437805123,-1.0427484439014039,0.10278297979787411,-0.0,1.2362637362636687e-08,0.9426159755963931
1100.0,0.00011811188811185011,0.042629126477590706,-1.0322414235865962,0.10321221547231997,-0.0,1.2387612387611727e-08,0.94250675522625
1100.0,0.00011839160839161382,0.04272108272376659,-1.0555091528858909,0.09274632799286688,-0.0,1.1238761238759393e-08,0.9423995446301486
1100.0,0.00011821678321681578,0.04266243468595452,-1.042004451104311,0.09697354244690821,-0.0,1.1663336663338804e-08,0.9422942925211352
1100.0,0.00011835664335661622,0.04271496437805104,-1.0427484439014039,0.10278297979788101,-0.0,1.23626373626379e-08,0.9421909476122554
1100.0,0.00011835664335661622,0.04271496437805104,-1.0427484439014039,0.10278297979788101,-0.0,1.23626373626379e-08,0.9420894586165556
1100.0,0.00011849650349649807,0.04277734815473615,-1.011309982912072,0.11542202617677243,-0.0,1.3761238761237992e-08,0.9419897742470815
1100.0,0.0001192307692307421,0.043036629923258574,-1.0416545996064643,0.11455535469687846,-0.0,1.3986013986010672e-08,0.9418918432168792
1100.0,0.00011933566433562634,0.04306891939881725,-1.051204670734125,0.10829579130701339,-0.0,1.326173826173685e-08,0.9417956142389949
1100.0,0.0001186713286712961,0.04283265534188095,-1.045306705399833,0.11130188860050844,-0.0,1.3486513486514065e-08,0.9417010360264743
1100.0,0.00011905594405591691,0.042978765017439066,-1.0279910093225593,0.11891865769354062,-0.0,1.4410589410587398e-08,0.9416080572923636
1100.0,0.00011874125874123703,0.042863065968761827,-1.0218295442057235,0.114941027276066,-0.0,1.3736263736264205e-08,0.9415166267497088
1100.0,0.00011898601398600313,0.04295125849216298,-1.028696069340529,0.11550503431574312,-0.0,1.3961038961038524e-08,0.9414266931115558
1100.0,0.00011933566433568062,0.043068919398817275,-1.051204670734113,0.10829579130701922,-0.0,1.3261738261734914e-08,0.9413382050909508
1100.0,0.00011933566433565349,0.043068919398817275,-1.051204670734113,0.10829579130701922,-0.0,1.326173826173681e-08,0.9412511114009396
1100.0,0.00011958041958044671,0.043166344915145774,-1.042632290370529,0.12373046737507425,-0.0,1.503496503496477e-08,0.9411653607545685
1100.0,0.00011930069930068302,0.04306443375391635,-1.0382975701653228,0.11842719282323248,-0.0,1.4385614385616608e-08,0.941080901864883
1100.0,0.0001194055944055944,0.043104787753481935,-1.0314311925284592,0.12077808077588831,-0.0,1.4610389610389089e-08,0.9409976834449297
1100.0,0.00011923076923076923,0.043036629923258546,-1.0416545996064517,0.11455535469691648,-0.0,1.39860139860128e-08,0.9409156542077541
1100.0,0.00011923076923076923,0.043036629923258546,-1.0416545996064517,0.11455535469691648,-0.0,1.3986013986011467e-08,0.9408347628664026
1100.0,0.00011933566433568062,0.043068919398817254,-1.0512046707341198,0.1082957913070519,-0.0,1.3261738261739427e-08,0.940754958133921
1100.0,0.00011951048951045151,0.043143172499635875,-1.0547436634719463,0.13437633042596622,-0.0,1.6433566433560833e-08,0.9406761887233553
1100.0,0.00011933566433570775,0.043080175430835,-1.0436533778293464,0.1316464517991667,-0.0,1.6008991008988226e-08,0.9405984033477517
1100.0,0.0001196503496503605,0.04319616986387912,-1.046931443992278,0.13596414560306028,-0.0,1.6633366633365864e-08,0.9405215507201561
1100.0,0.00011968531468533097,0.04320449962537231,-1.0506984919400535,0.12900705692624315,-0.0,1.575924075923897e-08,0.9404455795536144
1100.0,0.00011975524475524475,0.043224835033072985,-1.056261515191273,0.11942809273097849,-0.0,1.4610389610389613e-08,0.9403704385611728
1100.0,0.0001198951048950978,0.04328228344953707,-1.0597876491556975,0.13500826487525533,-0.0,1.6658341658342434e-08,0.940296076455877
1100.0,0.00012027972027972029,0.04341972739749462,-1.042512327983881,0.12605061240371065,-0.0,1.5434565434567553e-08,0.9402224419507734
1100.0,0.0001196503496503605,0.04319616986387904,-1.0469314439922812,0.13596414560304668,-0.0,1.6633366633367267e-08,0.9401494837589077
1100.0,0.0001198951048951266,0.04328228344953691,-1.0597876491556735,0.13500826487531042,-0.0,1.6658341658338904e-08,0.9400771505933262
1100.0,0.00012027972027974742,0.0434308925103136,-1.0387578461991944,0.1468113107940613,-0.0,1.803196803196707e-08,0.9400053911670747
1100.0,0.00012059440559440017,0.043535687207233206,-1.045732805492074,0.13037234573640805,-0.0,1.605894105893917e-08,0.9399341541931991
1100.0,0.0001202097902098065,0.04340262525225713,-1.0373733806818122,0.13688324657682274,-0.0,1.6833166833168797e-08,0.9398633883847457
1100.0099999997765,0.00012003364025051665,0.043345248944499135,-1.0255747054696807,0.1479034896273765,-0.0,1.8004756547018046e-08,0.9397930424547605
1100.0,0.00012027972027969314,0.043430892510313714,-1.03875784619919,0.1468113107940415,-0.0,1.8031968031964084e-08,0.9397230651162891
1100.0,0.00012069930069925729,0.043574387806683726,-1.0514017486517426,0.13458643906108345,-0.0,1.6633366633366294e-08,0.939653405082378
1100.0,0.00012118881118878949,0.04376175166844784,-1.0382320314514604,0.1514922043555659,-0.0,1.873126873126692e-08,0.939584011066073
1100.0,0.00012055944055945684,0.043535426187569615,-1.0134499030521693,0.14226835405788926,-0.0,1.7332667332667273e-08,0.9395148317804201
1100.0,0.00012066433566428682,0.04356699821347948,-1.0261245251691813,0.13551837877126618,-0.0,1.6658341658339678e-08,0.9394458159384652
1100.0,0.00012090909090908006,0.04365255381470189,-1.036141763803836,0.1349545799833361,-0.0,1.6633366633362916e-08,0.9393769122532545
1100.0,0.00012059440559439848,0.04354751845554876,-1.0419095574574133,0.1511001963719079,-0.0,1.86563436563458e-08,0.9393080694378341
1100.0,0.00012118881118881662,0.043761751668448,-1.0382320314514473,0.15149220435561975,-0.0,1.8731268731264723e-08,0.9392392362052496
1100.0,0.00012115384615387328,0.043754393718768075,-1.0345192801855339,0.1583769210200821,-0.0,1.9605394605392893e-08,0.9391703612685474
1100.0,0.00012101398601399144,0.04369132428963238,-1.0652596783990949,0.14595794048453992,-0.0,1.8206793206795893e-08,0.9391013933407732
1100.0,0.00012115384615387328,0.043754393718768145,-1.034519280185527,0.15837692102005554,-0.0,1.9605394605397594e-08,0.9390322811349734
1100.0,0.00012118881118884375,0.04376175166844805,-1.0382320314514182,0.1514922043556664,-0.0,1.8731268731268673e-08,0.9389629733641938
1100.0099999997765,0.00012157203006710319,0.04391201602654043,-1.0221253472926828,0.1606737697458204,-0.0,1.9956583596468883e-08,0.9388934187414802
1100.0,0.00012153846153843983,0.0438900140502749,-1.0222831805069246,0.14718332591870134,-0.0,1.8231768231764374e-08,0.938823565979879
1100.0,0.00012139860139858511,0.04384062043356587,-1.0475371021571083,0.15731772413666445,-0.0,1.9630369630369996e-08,0.938753363792436
1100.0,0.00012192307692311491,0.044036056163378696,-1.0396588000901963,0.16508008374067534,-0.0,2.0654345654345894e-08,0.938682760892197
1100.0,0.00012181818181820352,0.04399690071729228,-1.0319161586868222,0.16007796419375883,-0.0,1.993006993006788e-08,0.9386117059922084
1100.0,0.00012139860139861226,0.04384062043356589,-1.0475371021570727,0.15731772413671186,-0.0,1.963036963036787e-08,0.9385401478055161
1100.0,0.00012209790209791296,0.044106963650020675,-1.0294260068491647,0.17310539116035634,-0.0,2.162837162837405e-08,0.9384680350451661
1100.0,0.0001222377622377948,0.044145077628064966,-1.0428198811826115,0.16000310296994644,-0.0,2.0029970029973298e-08,0.9383953164242043
1100.0,0.00012234265734262478,0.044192673875229814,-1.0388661632654306,0.17230510352576822,-0.0,2.1603396603394186e-08,0.9383219406556768
1100.0,0.00012244755244750902,0.04423285492194067,-1.0466030299141986,0.17716767993097493,-0.0,2.2327672327670366e-08,0.9382478564526294
1100.0,0.00012209790209785867,0.044106963650020606,-1.0294260068491907,0.1731053911603119,-0.0,2.162837162836859e-08,0.9381730125281086
1100.0,0.0001226223776223342,0.044295409844964016,-1.0209830506488786,0.1717657290917145,-0.0,2.140359640359293e-08,0.9380973575951597
1100.0,0.00012234265734267904,0.044192673875229946,-1.0388661632654186,0.17230510352581588,-0.0,2.160339660339465e-08,0.9380208403668293
1100.0,0.0001223426573426519,0.044192673875229946,-1.0388661632654186,0.17230510352581588,-0.0,2.160339660339881e-08,0.9379434095561633
1100.0,0.0001233566433566325,0.044555039166759895,-1.051209535944746,0.1701095982061353,-0.0,2.1628371628372933e-08,0.9378650138762077
1100.0,0.00012300699300698216,0.04444608582827666,-1.034788255110711,0.1912990556791429,-0.0,2.4125874125873523e-08,0.9377856020400083
1100.0,0.00012332167832166204,0.04454917269578398,-1.047766856931235,0.17688092602564767,-0.0,2.2502497502494026e-08,0.9377051227606112
1100.0,0.00012332167832166204,0.04454917269578398,-1.047766856931235,0.17688092602564767,-0.0,2.2502497502494026e-08,0.9376235247510626
1100.0,0.0001236013986013986,0.04466737335488002,-1.0536054045069674,0.20026327613097028,-0.0,2.5649350649351094e-08,0.9375407567244083
1100.0,0.00012335664335668678,0.044580876454535436,-1.0404519707975408,0.2015146056972512,-0.0,2.5624375624375182e-08,0.9374567673936943
1100.0,0.00012384615384613756,0.044754888001200456,-1.0255938865118077,0.19382477891970856,-0.0,2.4575424575427895e-08,0.9373715054719668
1100.0,0.0001240559440559332,0.04482254573382235,-1.0328343758557563,0.18566391766962095,-0.0,2.3626373626374752e-08,0.9372849196722717
1100.0,0.00012360139860142401,0.04466737335487993,-1.0536054045069938,0.20026327613092648,-0.0,2.5649350649349552e-08,0.937196958707655
1100.0,0.0001239860139860194,0.04481848915009261,-1.0315200205393062,0.21168264105945336,-0.0,2.70229770229759e-08,0.9371075712911626
1100.0,0.00012444055944055402,0.04497364548131265,-1.0109637545586345,0.19718663514269522,-0.0,2.5000000000001246e-08,0.9370167061358408
1100.0,0.0001240559440559332,0.04482254573382247,-1.0328343758557543,0.18566391766960078,-0.0,2.3626373626371804e-08,0.9369243119547355
1100.0,0.0001245454545454654,0.04500606019799412,-1.0558736426519633,0.19859629687867175,-0.0,2.562437562437279e-08,0.9368303374608924
1100.0,0.00012465034965032252,0.04505375577119979,-1.0165332095469555,0.20299108421423925,-0.0,2.584915084914708e-08,0.9367347313673577
1100.0,0.00012486013986017243,0.04511693560945692,-1.0381022379957239,0.1913891207328939,-0.0,2.4600399600394873e-08,0.9366374423871777
1100.0,0.00012496503496505493,0.04517541567952833,-1.0363131433352395,0.21605120794738214,-0.0,2.7872127872128522e-08,0.936538419233398
1100.0,0.00012500000000002713,0.0451806978094125,-1.0372187162835398,0.2063149547111428,-0.0,2.6598401598403376e-08,0.9364376106190649
1100.0,0.00012500000000002713,0.04517734414772988,-1.0273980849840694,0.19986843670537055,-0.0,2.5649350649349724e-08,0.9363349652572244
1100.019999999553,0.00012555667859418286,0.04538547024203784,-1.0195487110505648,0.20664972852355667,-0.0,2.6598770434765496e-08,0.9362304318609223
1100.0,0.00012559440559436216,0.045394232713378405,-1.0392022120804623,0.2041706408886506,-0.0,2.652347652347374e-08,0.9361239591432046
1100.0099999997765,0.00012541845536607655,0.04534004518049896,-1.0425051631302704,0.21578612482173445,-0.0,2.7993967672723816e-08,0.9360154958171174
1100.0,0.00012587412587412587,0.045512901933674056,-1.02801721899156,0.2237497696536999,-0.0,2.902097902098e-08,0.9359049905957068
1100.0,0.0001255244755244484,0.045370194461281974,-1.052194853501575,0.20954148950546814,-0.0,2.7272727272726164e-08,0.9357923921920188
1100.0,0.00012604895104895104,0.0455700426582946,-1.041968671297053,0.21916815835698258,-0.0,2.859640359640364e-08,0.9356776493190992
1100.0,0.0001260839160839215,0.04557511282587143,-1.0455770972604532,0.2125358323263982,-0.0,2.772227772227622e-08,0.9355607106899944
1100.0,0.00012660839160839703,0.04577108720843785,-1.0237316613044602,0.21425670121959992,-0.0,2.7897102897100665e-08,0.93544152501775
1100.0,0.00012660839160839703,0.04577108720843785,-1.0237316613044602,0.21425670121959992,-0.0,2.7897102897100665e-08,0.9353200410154122
1100.0,0.00012643356643357185,0.045722483031277544,-1.0193431650274634,0.2305034356301467,-0.0,2.9970029970029347e-08,0.935196207396027
1100.0,0.00012702797202793404,0.04593102536313651,-1.0396351762004965,0.22615322474567592,-0.0,2.9745254745250045e-08,0.9350699728726404
1100.0,0.0001267832167832222,0.04582840193856237,-1.0375411077206083,0.20975111564437324,-0.0,2.7472527472524154e-08,0.9349412861582983
1100.0,0.0001269930069929907,0.0459264893524688,-1.0360482895877074,0.23273504133342363,-0.0,3.061938061938119e-08,0.9348100959660469
1100.0,0.00012741258741260912,0.046072077917501834,-1.0198046145485327,0.22673833097693602,-0.0,2.9670329670329274e-08,0.9346763510089321
1151.019999999553,0.00012685475138417545,0.042311162012038384,-1.1391425232540613,-0.18944114309428833,6.539173119571034,-2.9674865237471953e-08,0.9342426227599075
1100.0,0.00012097902097902098,0.04369695918967649,-1.0205942218484747,0.16288304501999368,-0.0,2.0029970029966992e-08,0.934077776464665
1100.0,0.00012115384615381902,0.04375439371876795,-1.0345192801855572,0.15837692102002623,-0.0,1.9605394605394044e-08,0.9339024859940779
1100.0,0.00012223776223776767,0.04414507762806493,-1.0428198811826248,0.16000310296997103,-0.0,2.002997002997017e-08,0.933716997054236
1100.0,0.00012153846153843983,0.043890014050274935,-1.022283180506904,0.14718332591876196,-0.0,1.8231768231767163e-08,0.9335215553512292
1100.0,0.00012139860139858511,0.04384062043356589,-1.0475371021570727,0.15731772413671186,-0.0,1.9630369630371987e-08,0.9333164065911472
1100.0,0.00012206293706294248,0.04407732530520212,-1.0507570908933006,0.15425860446585735,-0.0,1.9355644355642043e-08,0.93310179648008
1100.0,0.00012234265734262478,0.044192673875229814,-1.0388661632654306,0.17230510352576822,-0.0,2.1603396603394186e-08,0.9328779707241169
1100.0,0.00012209790209785867,0.044106963650020606,-1.0294260068491907,0.1731053911603119,-0.0,2.162837162836859e-08,0.9326451750293484
1100.0,0.00012279720279721366,0.04435292344571913,-1.0348216113373352,0.16729305871661107,-0.0,2.097902097902139e-08,0.9324036551018638
1100.0099999997765,0.00012283173403705727,0.04436718347717122,-1.035128587020561,0.16624772222731146,-0.0,2.0952180859324278e-08,0.9321536566477531
1100.0,0.00012258741258739089,0.04429823171790646,-1.0151706336345134,0.1896632833353175,-0.0,2.3726273726271517e-08,0.9318954253731058
1100.0,0.00012248251748247949,0.044257767679809615,-1.0074161689228327,0.18486597844462038,-0.0,2.300199800199516e-08,0.9316292069840121
1100.0,0.00012262237762236135,0.04429540984496399,-1.020983050648882,0.17176572909174503,-0.0,2.140359640359538e-08,0.9313552471865615
1100.0,0.00012342657342654628,0.04459684728631366,-1.0263653794108254,0.18672229406678448,-0.0,2.3626373626371348e-08,0.931073791686844
1100.0,0.0001233566433566325,0.044555039166759895,-1.051209535944746,0.1701095982061353,-0.0,2.1628371628372933e-08,0.9307850861909491
1100.0,0.00012272727272729986,0.044343357262766246,-1.016884239086211,0.18402026688851916,-0.0,2.297702297702163e-08,0.930489376404967
1100.0,0.00012304195804197976,0.0444606567652795,-1.0202626244379234,0.1880608074761933,-0.0,2.3601398601396574e-08,0.9301869080349873
1100.0,0.00012370629370628286,0.044699671207522405,-1.0260735292879564,0.18840996807854746,-0.0,2.387612387612268e-08,0.9298779267870996
1100.0,0.00012335664335660538,0.04455503916675994,-1.051209535944773,0.17010959820606106,-0.0,2.162837162836852e-08,0.9295626783673939
1100.0,0.000123566433566401,0.044634882404602866,-1.0569328581603967,0.17606693411095714,-0.0,2.2477522477522627e-08,0.9292414084819601
1100.0,0.00012342657342657342,0.044596847286313746,-1.0263653794108356,0.1867222940667766,-0.0,2.362637362637271e-08,0.9289143628368879
1100.0,0.00012335664335665794,0.044580876454535436,-1.0404519707975408,0.2015146056972512,-0.0,2.562437562437777e-08,0.9285817871382668
1100.0,0.00012339160839160298,0.04458724848286479,-1.0410770207840592,0.19161406035959183,-0.0,2.4350649350647435e-08,0.9282439270921872
1100.0,0.00012405594405590607,0.044825925939835656,-1.0428375626085944,0.19226888846961293,-0.0,2.4575424575426343e-08,0.9279010284047382
1100.0,0.00012374125874122616,0.04470534846993341,-1.029589745884227,0.1816572926880902,-0.0,2.3001998001995612e-08,0.9275533367820101
1100.0,0.00012374125874122616,0.04470534846993341,-1.029589745884227,0.1816572926880902,-0.0,2.3001998001995612e-08,0.9272010979300926
1100.0,0.00012374125874122616,0.04470534846993341,-1.029589745884227,0.1816572926880902,-0.0,2.3001998001995612e-08,0.9268445575550754
1100.0,0.00012405594405596034,0.04482254573382235,-1.0328343758557563,0.18566391766962095,-0.0,2.3626373626372502e-08,0.9264839613630483
1100.0,0.00012482517482520196,0.04509955317926876,-1.0355914381660285,0.18522169034231867,-0.0,2.3726273726273393e-08,0.9261195550601011
1100.0,0.0001243006993006993,0.044908239778463824,-1.0419670260497873,0.18480723884208944,-0.0,2.3601398601396577e-08,0.9257515843523237
1100.0,0.0001240559440559332,0.04482254573382247,-1.0328343758557543,0.18566391766960078,-0.0,2.3626373626371804e-08,0.9253802949458058
1100.0,0.00012444055944055402,0.04497364548131265,-1.0109637545586345,0.19718663514269522,-0.0,2.5000000000001246e-08,0.9250059325466371
1100.0100000016391,0.0001242991447505812,0.044908239778463824,-1.0419670260497873,0.18480723884208944,-0.0,2.3602091039985194e-08,0.9246287428609075
1100.0,0.00012468531468534725,0.045059556548679484,-1.0242684848182162,0.19589011225319192,-0.0,2.5024975024975848e-08,0.924248971594707
1100.0100000016391,0.000124369506639935,0.04494331446557465,-1.0459527190918392,0.19621894025581177,-0.0,2.519683309283281e-08,0.923866864454125
1100.0,0.00012468531468532012,0.04505922029211493,-1.0201260965210333,0.19628667898046326,-0.0,2.497502497502213e-08,0.9234826671452514
1100.0,0.00012468531468526583,0.045059556548679464,-1.0242684848182402,0.195890112253152,-0.0,2.5024975024974772e-08,0.9230966253741764
1100.0,0.00012527972027973655,0.04526512805882486,-1.0508160992189157,0.18914130607621935,-0.0,2.450049950049674e-08,0.9227089848469893
1100.0,0.00012566433566435563,0.045415922985292956,-1.0292579246152842,0.20044148609059378,-0.0,2.5874125874122276e-08,0.92231999126978
1100.0,0.0001251748251748523,0.0452434492160986,-1.0470293884782924,0.20863721102145505,-0.0,2.702297702297587e-08,0.9219298903486384
1100.0,0.0001249300699300862,0.045145136319800064,-1.0333258949151534,0.19499841791803915,-0.0,2.5000000000001058e-08,0.9215389277896542
1100.0,0.00012510489510491137,0.04520257434342348,-1.0470829987532757,0.19051450027660216,-0.0,2.4575424575425883e-08,0.9211473492989174
1100.0,0.00012555944055941886,0.04538547024203784,-1.0195487110505648,0.20664972852355667,-0.0,2.6598401598402043e-08,0.9207554005825175
1100.0,0.00012587412587409874,0.04548426301280665,-1.0397544104766232,0.1931005935740316,-0.0,2.5024975024970233e-08,0.9203633273465445
1100.0,0.00012597902097901014,0.045534119741201244,-1.0383013342628684,0.20797900687161347,-0.0,2.6998001997999396e-08,0.9199713752970882
1100.0,0.0001258041958042121,0.045471936067171835,-1.0326875139959055,0.20538698876260728,-0.0,2.662337662337733e-08,0.9195797901402384
1100.0,0.000126433566433599,0.04570226438259892,-1.0319412996928816,0.20871192360283158,-0.0,2.72227772227775e-08,0.9191888175820845
1100.0100000016391,0.0001260829918314372,0.04557511282587143,-1.0455770972604532,0.2125358323263982,-0.0,2.7724107928065765e-08,0.9187987033287168
1100.0,0.00012660839160839527,0.04577108720843785,-1.0237316613044602,0.21425670121959992,-0.0,2.7897102897103544e-08,0.918409693086225
1100.0,0.00012660839160839703,0.04577108720843785,-1.0237316613044602,0.21425670121959992,-0.0,2.7897102897100665e-08,0.9180220325606989
1100.0100000016391,0.00012660678120106448,0.04577108720843785,-1.0237316613044602,0.21425670121959992,-0.0,2.7896670826647768e-08,0.917635967458228
1100.0,0.00012702797202793404,0.04593102536313651,-1.0396351762004965,0.22615322474567592,-0.0,2.9745254745250045e-08,0.9172517434849023
1100.0100000016391,0.00012702745817212943,0.04593102536313651,-1.0396351762004965,0.22615322474567592,-0.0,2.9746398721913388e-08,0.9168696063468117
1100.0,0.00012678321678319507,0.04583468317571512,-1.0334437809766164,0.21641254229983395,-0.0,2.832167832167415e-08,0.9164898017500457
1100.0,0.00012702797202798655,0.04593102536313659,-1.0396351762004834,0.2261532247457396,-0.0,2.974525474525678e-08,0.9161125754006945
1100.0,0.00012713286713287079,0.04596111663595921,-1.049304545311704,0.21996626758494486,-0.0,2.9020979020980955e-08,0.9157381730048476
1100.0,0.0001279720279720551,0.04626963137824624,-1.0404678337416688,0.22236400357070257,-0.0,2.9470529470530735e-08,0.9153668402685949
1100.0,0.00012807692307693935,0.04631798852072556,-1.0074733059274006,0.22857629758007586,-0.0,2.99950049950033e-08,0.914998822898026
1100.0,0.00012783216783217327,0.04623163025855391,-1.0301077071477873,0.23486155148841514,-0.0,3.1018981018980366e-08,0.914634366599231
1100.0,0.00012814685314682602,0.04633303357217178,-1.0498925788345175,0.2244871553026611,-0.0,2.989510489510216e-08,0.9142737170782996
1100.0,0.0001283566433566488,0.04642189595699869,-1.018407835434777,0.23345468844295633,-0.0,3.084415584415427e-08,0.9139171200413214
1100.0,0.00012863636363638533,0.04652687395473717,-1.0347900478248675,0.23986836196306868,-0.0,3.1993006993004295e-08,0.9135648211943865
1100.0,0.00012884615384615384,0.04660366418160176,-1.0309032194630756,0.23920339946732777,-0.0,3.1893106893108986e-08,0.9132170662435846
1100.0,0.00012842657342658972,0.04645517552795738,-1.0130907333743893,0.23817317625832105,-0.0,3.1493506493504145e-08,0.9128741008950053
1100.0,0.00012898601398600676,0.04665435443641661,-1.0400131197479192,0.24059111490021376,-0.0,3.2242757242756504e-08,0.9125361708547385
1100.0,0.00012891608391609298,0.0466270665315044,-1.0357274254249402,0.2376488776392117,-0.0,3.1743256743261185e-08,0.9122035218288741
1100.0,0.000129580419580425,0.04688477170875226,-1.0287489349591346,0.25299341404969866,-0.0,3.401598401598225e-08,0.9118763995235017
1100.0,0.00012947552447551363,0.04683651450427422,-1.0265480565082992,0.24217002950600797,-0.0,3.2442557442555216e-08,0.9115550496447115
1100.0,0.0001296853146853364,0.04690310773447235,-1.0342480407334411,0.23427981224300198,-0.0,3.1493506493505044e-08,0.9112397178985926
1100.0,0.00012965034965036593,0.04690577272736823,-1.0183515144953927,0.2493967550325892,-0.0,3.3366633366629836e-08,0.9109306499912355
1100.0,0.000129580419580425,0.04688477170875234,-1.0287489349591221,0.25299341404976095,-0.0,3.401598401598548e-08,0.9106280916287297
1100.0,0.00013006993006993008,0.04704800900691921,-1.0482177726046915,0.2416924156519882,-0.0,3.276723276723135e-08,0.9103322885171647
1100.0,0.00013027972027972572,0.04712234238145584,-1.0229773969748301,0.23803366245676105,-0.0,3.201798201798299e-08,0.9100434863626309
1100.0,0.00012989510489507775,0.046992181812671244,-1.0315192090704601,0.24793189262626975,-0.0,3.339160839160827e-08,0.9097619308712177
1100.0,0.0001304895104894942,0.047204583752774705,-1.0297877212504616,0.24610011664608197,-0.0,3.3266733266734844e-08,0.909487867749015
1100.0,0.00013083916083914455,0.04732639727243008,-1.0341461817354918,0.24064063366292096,-0.0,3.261738261738141e-08,0.9092215427021124
1100.0,0.000130384615384581,0.047167898045817225,-1.0481329994811865,0.24700824303030583,-0.0,3.359140859140968e-08,0.9089632014365999
1100.0,0.0001308391608391717,0.04733344003402412,-1.0495792526548902,0.24885133310842747,-0.0,3.40159840159796e-08,0.9087130896585675
1100.0,0.00013104895104894019,0.04740988261635937,-1.0455415752624637,0.24828641543440694,-0.0,3.3916083916081664e-08,0.9084714530741045
1100.0,0.00013143356643358813,0.04755562930703234,-1.0284766297521597,0.25253595231949083,-0.0,3.4440559440559536e-08,0.908238537389301
1100.0,0.00013111888111890825,0.04743576198556855,-1.043721219794128,0.25049568531093785,-0.0,3.4215784215784744e-08,0.9080145883102468
1100.0,0.0001313986013986177,0.04753722624205024,-1.0308655589626767,0.24656857117280118,-0.0,3.361638361637959e-08,0.9077998515430317
1100.0,0.00013153846153844527,0.047605067211825516,-1.0304581213931765,0.26308824175503326,-0.0,3.6013986013986806e-08,0.9075945727937453
1100.0,0.0001316083916084133,0.04761938744467494,-1.0374213976601065,0.2544382264712788,-0.0,3.486513486513471e-08,0.9073989977684777
1100.0,0.0001323426573426845,0.04789405922545003,-1.0201959946031371,0.25969058708688514,-0.0,3.558941058940767e-08,0.9072133721733183
1100.0,0.00013185314685312515,0.047712126023653295,-1.033193797536153,0.25810305938654315,-0.0,3.538961038960885e-08,0.9070379417143574
1100.0,0.0001322377622377731,0.04785964327641231,-1.0280557589949058,0.2637415189035998,-0.0,3.62637362637364e-08,0.9068729520976843
1100.0,0.00013262237762242104,0.04798697740012377,-1.038473287575817,0.2555002013036671,-0.0,3.5289710289710706e-08,0.906718649029389
1100.0099999979138,0.0001319913309601206,0.04776544649417473,-1.0433254325900243,0.25991641802013205,-0.0,3.583860621839637e-08,0.9065752782155614
1100.0,0.00013265734265733724,0.048020828814171905,-1.0379120095220156,0.2711430846239392,-0.0,3.761238761239016e-08,0.9064430853622909
1100.0,0.00013255244755242584,0.04797813580321266,-1.0313035620187174,0.2671151299047859,-0.0,3.688811188811207e-08,0.9063223161756679
1100.0,0.00013321678321678322,0.04821322589824449,-1.0482415129399922,0.2649867749046667,-0.0,3.6963036963031757e-08,0.906213216361782
1100.0,0.00013374125874128588,0.04840258883634851,-1.0458015347115532,0.2635960639832338,-0.0,3.688811188810954e-08,0.9061160316267226
1100.0,0.00013332167832169275,0.04825335598314759,-1.0293015887968802,0.26291972873385583,-0.0,3.6488511488513305e-08,0.9060310076765798
1100.0,0.00013374125874125874,0.04840258883634841,-1.0458015347115666,0.2635960639831965,-0.0,3.688811188811458e-08,0.9059583902174435
1100.0,0.00013374125874125874,0.04840258883634841,-1.0458015347115666,0.2635960639831965,-0.0,3.688811188811458e-08,0.9058984249554033
1100.0,0.0001336013986013769,0.048366890127504183,-1.026035640508036,0.2755578133036309,-0.0,3.8336663336662936e-08,0.905851357596549
1100.0,0.00013377622377617492,0.04843145734546981,-1.034643843151691,0.27723883760388573,-0.0,3.876123876123922e-08,0.9058174338469706
1100.0,0.00013363636363634734,0.048379810464759684,-1.0418173387889624,0.27458244207210447,-0.0,3.846153846153612e-08,0.9057968994127575
1151.0799999982119,0.00012444432813110248,0.041486522828588446,-1.1288688892356484,-0.16552255810448513,6.551533151536621,-2.5181912068308997e-08,0.9057933239101099
1100.0,0.00012562937062935976,0.0454141714632884,-1.01460444404673,0.21029519025181323,-0.0,2.6998001997998364e-08,0.9057974292692856
1100.0,0.0001260839160839215,0.04557511282587143,-1.0455770972604532,0.2125358323263982,-0.0,2.772227772227622e-08,0.905803119539242
1100.0,0.00012447552447552448,0.044993602238809806,-1.0486087259079304,0.2109965444843829,-0.0,2.7222777222774105e-08,0.9058103617010048
1100.0,0.000125559440559446,0.045385470242037936,-1.0195487110505346,0.20664972852357621,-0.0,2.6598401598399405e-08,0.9058191227355994
1100.0,0.00012608391608394864,0.04558874130016463,-1.044407815938394,0.2251725907103983,-0.0,2.9470529470526946e-08,0.9058293696240511
1100.0,0.0001260839160839215,0.045575112825871456,-1.0455770972604828,0.21253583232636347,-0.0,2.7722277722278597e-08,0.9058410693473852
1100.0,0.0001267832167832222,0.04582840193856237,-1.0375411077206083,0.20975111564437324,-0.0,2.7472527472524154e-08,0.9058541888866273
1100.0,0.00012646853146854232,0.045727370624631634,-1.0230211950787198,0.22389057875092006,-0.0,2.9095904095904452e-08,0.9058686952228027
1100.0,0.00012702797202796118,0.045919808229987105,-1.0421289150958728,0.21549456706090137,-0.0,2.8296703296705083e-08,0.9058845553369368
1100.0,0.000127727272727289,0.04618433093855991,-1.0319324124296487,0.22334128433178901,-0.0,2.9495504495505852e-08,0.905901736210055
1100.0,0.000127727272727289,0.04618433093855991,-1.0319324124296487,0.22334128433178901,-0.0,2.9495504495505852e-08,0.9059202048231826
1100.0,0.00012741258741260912,0.04608358677118109,-1.017167204542774,0.23736069366047802,-0.0,3.111888111888285e-08,0.9059399281573451
1100.0,0.00012783216783217327,0.04623163025855391,-1.0301077071477873,0.23486155148841514,-0.0,3.1018981018980366e-08,0.905960873193568
1100.0,0.00012814685314682602,0.04633303357217178,-1.0498925788345175,0.2244871553026611,-0.0,2.989510489510216e-08,0.9059830069128766
1100.0,0.00012811188811188268,0.04633671232501177,-1.0098377159743868,0.234471289133311,-0.0,3.0869130869130844e-08,0.9060062962962964
1100.0,0.00012842657342658972,0.046440822559468,-1.0142887046235394,0.2257940568700472,-0.0,2.97452547452535e-08,0.9060307083248524
1100.0,0.00012853146853147217,0.04648525344535393,-1.0278056407429372,0.23553107595930856,-0.0,3.126873126873006e-08,0.9060562099795704
1100.0,0.00012856643356644443,0.04648256434275955,-1.0595253225158863,0.22381646157490723,-0.0,2.999500499500127e-08,0.9060827682414758
1100.0,0.00012842657342658972,0.04645517552795738,-1.0130907333743893,0.23817317625832105,-0.0,3.1493506493504145e-08,0.9061103500915937
1100.0,0.00012884615384615384,0.04660366418160176,-1.0309032194630756,0.23920339946732777,-0.0,3.1893106893108986e-08,0.9061389225109497
1100.0,0.00012916083916086088,0.046708963515874204,-1.0150170684101485,0.22935953989773994,-0.0,3.041958041958227e-08,0.9061684524805693
1100.0,0.0001285664335664173,0.04648256434275955,-1.059525322515888,0.2238164615748739,-0.0,2.999500499500503e-08,0.9061989069814776
1100.0,0.00012895104895101095,0.046634621031888715,-1.0375377094458897,0.2347920243102293,-0.0,3.136863136862833e-08,0.9062302529947004
1100.0,0.00012884615384615384,0.04660366418160183,-1.0309032194630157,0.2392033994674427,-0.0,3.189310689310731e-08,0.9062624575012627
1100.0,0.00012895104895101095,0.04664534144786467,-1.0378304264617801,0.2435149719309174,-0.0,3.261738261738161e-08,0.9062954874821901
1100.0,0.00012909090909091995,0.04669047011971505,-1.0439003858975089,0.23783769863875728,-0.0,3.191808191808229e-08,0.906329309918508
1100.0,0.00012933566433565892,0.04678407848830622,-1.016337205606685,0.24026696842169953,-0.0,3.199300699300383e-08,0.9063638917912417
1100.0,0.0001296503496503388,0.04688347903111086,-1.0317359327470108,0.22849850091514345,-0.0,3.061938061937987e-08,0.9063992000814166
1100.0,0.0001296503496503388,0.04688347903111086,-1.0317359327470108,0.22849850091514345,-0.0,3.061938061937987e-08,0.9064352017700583
1100.0,0.0001296503496503388,0.046899958002178055,-1.0357335603270643,0.24418228289681648,-0.0,3.286713286713316e-08,0.906471863838192
1100.0,0.00012947552447551363,0.04684298401591384,-1.0219045987717266,0.24873878761101947,-0.0,3.329170829170822e-08,0.9065091532668431
1100.0,0.0001298951048951049,0.0469689613823143,-1.0400690140699889,0.22747891354999453,-0.0,3.0594405594401476e-08,0.9065470370370371
1100.0,0.0001299300699301025,0.046988393150959,-1.0425269819304808,0.2332603775075314,-0.0,3.1468531468529156e-08,0.9065854821297993
1100.0100000016391,0.00013038416428585607,0.047167898045817246,-1.048132999481141,0.24700824303040458,-0.0,3.3589196272034815e-08,0.9066244555261551
1100.0,0.00013006993006993008,0.04706056703543822,-1.0454868124254828,0.2520288919137235,-0.0,3.4215784215783983e-08,0.90666392420713
1100.0,0.00013073426573423317,0.04729108763495471,-1.0427421782144342,0.24467475677849107,-0.0,3.329170829171088e-08,0.9067038551537493
1100.0,0.00013052447552443572,0.04720771316022601,-1.0312498293186523,0.23698516436304404,-0.0,3.1993006993007174e-08,0.9067442153470384
1100.0,0.00013101398601396972,0.047383269646830435,-1.047685613494332,0.2361516014369065,-0.0,3.2192807192808214e-08,0.9067849717680229
1100.0100000016391,0.00013055827615167178,0.047242764397088334,-1.0330358871353218,0.2566891271905587,-0.0,3.486182639047896e-08,0.9068260913977279
1100.0,0.00013104895104894019,0.04740988261635937,-1.0455415752624637,0.24828641543440694,-0.0,3.3916083916081664e-08,0.9068675412171789
1100.0,0.0001307342657342603,0.047291087634954855,-1.0427421782144122,0.24467475677854317,-0.0,3.3291708291705525e-08,0.9069092882074014
1100.0099999979138,0.00013104841616939637,0.04740988261635937,-1.0455415752624637,0.24828641543440694,-0.0,3.391722259471829e-08,0.9069512993494206
1100.0,0.0001315384615384724,0.047570681064808044,-1.0437248277359281,0.23416768635788188,-0.0,3.201798201798086e-08,0.9069935416242622
1100.0,0.00013111888111888112,0.047436720209584636,-1.048667060244236,0.2502503317695476,-0.0,3.426573426573337e-08,0.9070359820129512
1100.0,0.00013157342657344286,0.04759957664695875,-1.0351148420533591,0.24877774389962534,-0.0,3.399100899100891e-08,0.9070785874965135
1100.0,0.00013181818181815286,0.04768647607026553,-1.047893397815078,0.24740031741912272,-0.0,3.401598401598742e-08,0.907121325055974
1100.0,0.00013202797202794848,0.04776901493519402,-1.0468055299276122,0.253589224891505,-0.0,3.496503496503432e-08,0.9071641616723584
1100.0,0.00013216783216783216,0.04782544016810219,-1.052885426434562,0.2566068811868437,-0.0,3.5514485514487715e-08,0.9072070643266918
1100.0,0.00013262237762242104,0.04798697740012377,-1.038473287575817,0.2555002013036671,-0.0,3.5289710289710706e-08,0.90725
1100.0,0.00013241258741257113,0.0478984879877762,-1.0386135202034135,0.24396288922109283,-0.0,3.3591408591409346e-08,0.9072929356733082
1100.0,0.00013297202797198999,0.048127592413449834,-1.0405801739899712,0.2662039827223147,-0.0,3.6988011988010266e-08,0.9073358383276416
1100.0,0.00013262237762236677,0.04798697740012387,-1.0384732875758145,0.25550020130365286,-0.0,3.528971028970659e-08,0.907378674944026
1100.0,0.00013262237762236677,0.04798697740012387,-1.0384732875758145,0.25550020130365286,-0.0,3.528971028970659e-08,0.9074214125034866
1100.0,0.00013360139860143117,0.048341822660940476,-1.0405357890079143,0.2555561098035974,-0.0,3.5589410589405686e-08,0.9074640179870488
1100.0099999979138,0.00013297047662687094,0.048127592413449834,-1.040580173989941,0.2662039827223571,-0.0,3.6989434938058126e-08,0.9075064583757378
1100.0,0.00013311188811189896,0.04818359773729113,-1.0229564578095878,0.27018436319173494,-0.0,3.738761238760997e-08,0.9075487006505794
1100.0,0.00013374125874125874,0.04840258883634841,-1.0458015347115666,0.2635960639831965,-0.0,3.688811188811458e-08,0.9075907117925986
1100.0,0.00013370629370628828,0.04837135390691349,-1.0499027578845794,0.24960386132058116,-0.0,3.486513486513383e-08,0.9076324587828211
1100.0,0.00013391608391605678,0.04847367295447064,-1.0372217275229445,0.26871679352008176,-0.0,3.756243756243381e-08,0.9076739086022722
1100.0,0.00013416083916085002,0.04855947618408513,-1.0273434812278128,0.2678836334154836,-0.0,3.738761238761358e-08,0.9077150282319771
1100.0,0.0001344055944056161,0.04864341495189061,-1.0310551682363862,0.2635943637286322,-0.0,3.68631368631368e-08,0.9077557846529615
1100.0,0.0001341958041958205,0.0485720333550328,-1.0519984585906716,0.26846343749849894,-0.0,3.781218781218721e-08,0.9077961448462506
1100.0,0.0001344405594405323,0.04866295647957837,-1.0265345426309593,0.2691907227684671,-0.0,3.763736263736431e-08,0.9078360757928701
1100.0,0.00013482517482518025,0.04879456005446809,-1.0523342811168752,0.2638906079380122,-0.0,3.7312687312689155e-08,0.9078755444738449
1100.0,0.0001352097902097468,0.04893989820548913,-1.0354675529463016,0.2680809390746521,-0.0,3.783716283716553e-08,0.9079145178702007
1100.0,0.00013489510489509405,0.0488457684033027,-1.0381191706064101,0.28195231660428566,-0.0,3.986013986014004e-08,0.907952962962963
1100.0,0.0001349999999999783,0.04886925971870804,-1.0421784513387586,0.271147040246298,-0.0,3.828671328671124e-08,0.9079908467331569
1100.0,0.00013601398601401315,0.04923013366431226,-1.0493109335610313,0.268323921604337,-0.0,3.82617382617362e-08,0.9080281361618081
1100.0,0.00013569930069930612,0.0491111139677314,-1.046562379444073,0.26495268903115893,-0.0,3.763736263736025e-08,0.9080647982299417
1100.0,0.00013569930069930612,0.04912345301751118,-1.0467708902009178,0.2731500872497157,-0.0,3.8886113886111436e-08,0.9081007999185834
1100.0,0.0001362237762237545,0.04932790715449443,-1.0504791950208068,0.2829468103693071,-0.0,4.0559440559440844e-08,0.9081361082087583
1100.0,0.00013569930069930612,0.04912345301751126,-1.0467708902008888,0.2731500872497556,-0.0,3.888611388611333e-08,0.9081706900814921
1100.0,0.00013632867132863877,0.049364061887780405,-1.0377492817207932,0.2819511078575806,-0.0,4.02847152847141e-08,0.90820451251781
1100.0,0.00013632867132863877,0.049364061887780405,-1.0377492817207932,0.2819511078575806,-0.0,4.02847152847141e-08,0.9082375424987372
1100.0,0.00013660839160837532,0.04944686465532906,-1.0753924506851502,0.2695313859029269,-0.0,3.898601398601493e-08,0.9082697470052996
1100.0,0.00013699300699299423,0.04959991446717941,-1.0540265361762997,0.2796584518093677,-0.0,4.035964035964262e-08,0.9083010930185224
1100.0,0.00013681818181817096,0.0495405404846895,-1.0537900158244011,0.2808400369766823,-0.0,4.04845154845155e-08,0.9083315475194307
1100.0,0.00013730769230770317,0.04972309688300172,-1.0415926231316348,0.2851131010753921,-0.0,4.113386613386609e-08,0.9083610774890503
1100.0,0.00013737762237764407,0.049727362749904774,-1.047006319098393,0.2706290391336953,-0.0,3.8986013986013554e-08,0.9083896499084062
1100.0,0.00013769230769232398,0.04984673479473841,-1.0496035883257213,0.2739789225633381,-0.0,3.9610389610388416e-08,0.9084172317585242
1100.0100000016391,0.00013776120845170522,0.04988775279352519,-1.047380020351571,0.28472500690379954,-0.0,4.126051046020054e-08,0.9084437900204296
1100.0,0.0001379020979020925,0.04993268195553609,-1.0600301125729397,0.28088046356104573,-0.0,4.090909090909355e-08,0.9084692916751477
1100.0,0.00013786713286712202,0.04992987506736239,-1.0566238990168093,0.286930134693638,-0.0,4.17832167832146e-08,0.9084937037037037
1100.0,0.00013825174825174283,0.05006510912317229,-1.0365931671736197,0.2856400133922453,-0.0,4.1408591408592014e-08,0.9085169930871234
1100.0,0.00013825174825171378,0.05005693727843291,-1.041598075278254,0.27967494245122154,-0.0,4.0559440559440116e-08,0.9085391268064319
1100.0,0.00013818181818182903,0.050036047611757485,-1.0590749398268253,0.28218767685016555,-0.0,4.115884115884103e-08,0.9085600718426547
1100.0100000016391,0.0001374814874222254,0.049776470040541976,-1.069784672222872,0.27857173647580913,-0.0,4.0561261944750144e-08,0.9085797951768174
1100.0,0.00013751748251746975,0.04980043507172736,-1.0348618424291607,0.28618635500149664,-0.0,4.1233766233764333e-08,0.9085982637899451
1100.0,0.00013807692307691766,0.05000749943758437,-1.0499210183506458,0.2880277959531918,-0.0,4.188311688311504e-08,0.9086154446630632
1100.0,0.00013849650349653607,0.05014426158292663,-1.0539424945544593,0.27825580745545536,-0.0,4.058441558441049e-08,0.9086313047771973
1100.0,0.0001381818181818271,0.05003604761175746,-1.0590749398267956,0.2821876768502,-0.0,4.115884115884345e-08,0.9086458111133727
1100.0,0.0001393356643356372,0.05045632674988245,-1.0690419958487496,0.2836497777442316,-0.0,4.188311688311406e-08,0.9086589306526148
1100.0,0.00013947552447551905,0.05051094990797602,-1.0526320963368114,0.28721652977369266,-0.0,4.228271728271179e-08,0.908670630375949
1100.0,0.0001399650349650241,0.050695391578256165,-1.0550466968600423,0.29218399964005864,-0.0,4.3231768231767754e-08,0.9086808772644006
1100.0,0.00013947552447551905,0.050510949907975985,-1.052632096336805,0.28721652977371914,-0.0,4.228271728271799e-08,0.9086896382989951
1100.0,0.00013968531468531274,0.05058828167099808,-1.0459789664477348,0.2882965444391861,-0.0,4.2382617382617094e-08,0.9086968804607579
1100.0,0.0001404545454545563,0.050866060006708354,-1.054720871214586,0.2870774605298054,-0.0,4.258241758241495e-08,0.9087025707307145
1100.0,0.00014006993006996263,0.05072444871035752,-1.0642031562003442,0.2864302186263835,-0.0,4.250749250748821e-08,0.90870667608989
1100.0,0.00014090909090911806,0.05103445063400956,-1.0616790980016604,0.2898384995103899,-0.0,4.325674325674437e-08,0.9087091635193101
1151.0800000019372,0.0001229970886268505,0.04098207717620729,-1.120802435233658,-0.1340644093304481,6.538103796299877,-1.99881276227231e-08,0.9087016187147609
1100.0,0.0001308391608391717,0.047333440034023906,-1.049579252654872,0.24885133310844684,-0.0,3.401598401598254e-08,0.9086912293030467
1100.0,0.00013171328671329757,0.04765620249625057,-1.0336982937698547,0.25018038481692384,-0.0,3.424075924075859e-08,0.9086767848851227
1100.0,0.00013181818181815286,0.04770839453482912,-1.029618935393906,0.2644405118899632,-0.0,3.6263736263737686e-08,0.9086583435908788
1100.0,0.00013262237762242104,0.04798697740012377,-1.038473287575817,0.2555002013036671,-0.0,3.5289710289710706e-08,0.9086359635502047
1100.0100000016391,0.00013262069273766892,0.04798697740012377,-1.038473287575817,0.2555002013036671,-0.0,3.528915797419541e-08,0.9086097028929905
1100.0,0.0001323776223776278,0.04790204651793122,-1.0305164981838932,0.25656166023936255,-0.0,3.531468531468616e-08,0.908579619749126
1100.0,0.0001326573426573101,0.048007259552040354,-1.040796270424252,0.26108349473390036,-0.0,3.616383616383551e-08,0.9085457722485012
1100.0099999979138,0.00013279588425289994,0.0480441715949232,-1.0519804160343762,0.25104525596926663,-0.0,3.4867042487943306e-08,0.9085082185210058
1100.0,0.00013307692307692852,0.048156940404171365,-1.0500576367030805,0.26019982121483043,-0.0,3.6263736263733576e-08,0.9084670166965298
1100.0,0.00013297202797204425,0.048127592413449834,-1.040580173989941,0.2662039827223571,-0.0,3.698801198800972e-08,0.9084222249049632
1100.0,0.00013374125874125874,0.04840258883634841,-1.0458015347115666,0.2635960639831965,-0.0,3.688811188811458e-08,0.9083739012761957
1100.0,0.00013374125874125874,0.04840258883634841,-1.0458015347115666,0.2635960639831965,-0.0,3.688811188811458e-08,0.9083221039401171
1100.0,0.0001341958041958205,0.04857296916324289,-1.0571881562285923,0.2681821213645296,-0.0,3.786213786213665e-08,0.9082668910266177
1100.0,0.0001341608391608229,0.048552611264545534,-1.0549735113791447,0.26267655305083654,-0.0,3.6988011988009114e-08,0.908208320665587
1100.0,0.00013374125874128588,0.048402588836348605,-1.0458015347115799,0.2635960639831786,-0.0,3.688811188810991e-08,0.908146450986915
1100.0,0.00013374125874128588,0.048402588836348605,-1.0458015347115799,0.2635960639831786,-0.0,3.688811188810991e-08,0.9080813401204917
1100.0,0.00013482517482515312,0.04878679652479262,-1.0570562645384711,0.2576950372525564,-0.0,3.64635364635357e-08,0.908013046196207
1100.0,0.00013482517482515312,0.04878679652479262,-1.0570562645384711,0.2576950372525564,-0.0,3.64635364635357e-08,0.9079416273439506
1100.0,0.00013479020979020978,0.048785476601881594,-1.03294759192175,0.2663947656291935,-0.0,3.738761238761363e-08,0.9078671416936126
1100.0,0.00013475524475521218,0.04878213781392713,-1.0294666053096275,0.2725903975595835,-0.0,3.826173826173944e-08,0.9077896473750827
1100.0,0.0001353146853146853,0.048958238233305466,-1.0680272823946912,0.25462629411010695,-0.0,3.626373626373995e-08,0.9077092025182509
1100.0,0.0001353846153845991,0.04900432881311861,-1.0439947269845289,0.26978832401356795,-0.0,3.8261738261738545e-08,0.9076258652530071
1100.0,0.00013482517482515312,0.048786796524792564,-1.0570562645384656,0.25769503725254533,-0.0,3.6463536463537926e-08,0.9075396937092411
1100.0,0.00013489510489509405,0.04882870492079856,-1.0395291909800872,0.2703119659755807,-0.0,3.811188811188757e-08,0.907450746016843
1100.0,0.00013552447552442668,0.04905902443779202,-1.0383122764221058,0.2714598702019883,-0.0,3.846153846153912e-08,0.9073590803057026
1100.0,0.0001351048951048897,0.048910865124967104,-1.0434584546561805,0.27524800970395635,-0.0,3.8961038961041596e-08,0.9072647547057094
1100.0,0.00013527972027971486,0.04895723241831178,-1.0320002849762515,0.2609731874021366,-0.0,3.673826173826078e-08,0.9071678273467539
1100.0,0.00013569930069930612,0.04912345301751118,-1.0467708902009178,0.2731500872497157,-0.0,3.8886113886111436e-08,0.9070683563587256
1100.0,0.00013569930069933138,0.04912345301751118,-1.0467708902009178,0.2731500872497157,-0.0,3.888611388611006e-08,0.9069663998715146
1100.0,0.00013632867132869303,0.049339501047703724,-1.044044402683007,0.2643426512767282,-0.0,3.768731268731126e-08,0.9068620160150107
1100.0,0.00013639860139857968,0.04935853676432426,-1.0418345604358252,0.2591039424748552,-0.0,3.6888111888113e-08,0.9067552629191037
1100.0,0.00013664335664337291,0.04947052994797348,-1.040340329999355,0.2771313314646241,-0.0,3.9660339660338645e-08,0.9066461987136837
1100.0,0.00013632867132863877,0.049364061887780405,-1.0377492817207932,0.2819511078575806,-0.0,4.02847152847141e-08,0.9065348815286405
1100.0,0.0001364685314685206,0.049419279148072884,-1.0321259740860595,0.2836581080398181,-0.0,4.048451548451325e-08,0.9064213694938639
1100.0,0.00013702797202791233,0.04959739423751525,-1.0280535370410695,0.2682229762300409,-0.0,3.823676323676258e-08,0.9063057207392438
1100.0,0.00013681818181816906,0.04952769350820233,-1.053642913592621,0.2727325199790994,-0.0,3.9235764235765485e-08,0.9061879933946703
1100.0,0.000137132867132878,0.04964693527115434,-1.056269713443899,0.27605813168297677,-0.0,3.9860139860139706e-08,0.906068245590033
1100.0100000016391,0.00013716661466452447,0.049661505731453275,-1.0367590112975664,0.2774222440605407,-0.0,3.983161465074347e-08,0.905946535455222
1100.0,0.00013769230769232398,0.04984673479473841,-1.0496035883257213,0.2739789225633381,-0.0,3.9610389610388416e-08,0.9058229211201272
1100.0,0.00013758741258741258,0.04980347742513948,-1.043223407310591,0.2701538853483854,-0.0,3.8886113886111495e-08,0.9056974607146383
1100.0,0.00013769230769232398,0.04984673479473841,-1.0496035883257213,0.2739789225633381,-0.0,3.9610389610388416e-08,0.9055702123686454
1100.0,0.00013751748251747168,0.04980043507172736,-1.0348618424291607,0.28618635500149664,-0.0,4.123376623376755e-08,0.9054412342120381
1100.0,0.00013786713286714915,0.049916521222027214,-1.05657328736272,0.2788828443701909,-0.0,4.0534465534463744e-08,0.9053105843747067
1100.0,0.00013769230769229685,0.049846734794738154,-1.0496035883257662,0.27397892256324663,-0.0,3.9610389610389144e-08,0.9051783209865408
1100.0,0.00013825174825174283,0.05004422286762218,-1.049432436613462,0.2698611668493183,-0.0,3.916083916083976e-08,0.9050445021774304
1100.0,0.00013825174825176997,0.050065109123172385,-1.0365931671735893,0.28564001339229794,-0.0,4.140859140858933e-08,0.9049091860772653
1100.0,0.00013814685314685857,0.0500135587676589,-1.0352545058483864,0.27589111875838807,-0.0,3.983516483516714e-08,0.9047724308159356
1100.0,0.00013881118881124309,0.05026384929006672,-1.0564225649309493,0.2815606622709957,-0.0,4.120879120879101e-08,0.9046342945233309
1100.0,0.00013849650349650891,0.05012975587654928,-1.0567191558957008,0.2686869020853812,-0.0,3.913586413586443e-08,0.9044948353293413
1100.0,0.00013930069930069387,0.050435076778933975,-1.066887609446797,0.27841262601152517,-0.0,4.1008991008990124e-08,0.9043541113638566
1100.0,0.00013947552447551905,0.05051094990797602,-1.0526320963368114,0.28721652977369266,-0.0,4.228271728271179e-08,0.9042121807567668
1100.0,0.0001399650349650784,0.05066908387375941,-1.0691503062534746,0.27360346373164035,-0.0,4.04845154845133e-08,0.9040691016379616
1100.0,0.00013965034965037135,0.05054970551123645,-1.0667870383352087,0.270304463230155,-0.0,3.986013986013738e-08,0.903924932137331
1100.0,0.00013979020979019893,0.05061710095502217,-1.055092486319632,0.2825305310860776,-0.0,4.165834165834175e-08,0.903779730384765
1100.0,0.00013979020979019893,0.05061710095502217,-1.055092486319632,0.2825305310860776,-0.0,4.165834165834175e-08,0.9036335545101534
1100.0,0.0001403146853147016,0.05081957091395779,-1.045211540546907,0.28936796978554435,-0.0,4.2732267732266426e-08,0.903486462643386
1100.0,0.0001404545454545563,0.050866060006708354,-1.054720871214586,0.2870774605298054,-0.0,4.258241758241495e-08,0.9033385129143526
1100.0,0.00014041958041961298,0.05083007937921174,-1.0554054441338376,0.27249392526480376,-0.0,4.0259740259738135e-08,0.9031897634529436
1100.0,0.00014059440559443815,0.050928574464338794,-1.0592743413295251,0.29448164065830346,-0.0,4.388111888111922e-08,0.9030402723890483
1100.0,0.00014034965034967205,0.05082203053675432,-1.04850278331355,0.2834282121851037,-0.0,4.185814185813999e-08,0.9028900978525568
1100.0,0.00014066433566435195,0.05094225786479866,-1.0507463121852494,0.28676107790617567,-0.0,4.248251748251673e-08,0.9027392979733592
1100.0,0.00014153846153847587,0.051246877214542734,-1.062003753207923,0.2799026152331954,-0.0,4.1858141858145e-08,0.9025879308813451
1100.0,0.00014094405594403423,0.0510515930360174,-1.064807157115364,0.29184634238917934,-0.0,4.363136863137059e-08,0.9024360547064046
1100.0,0.00014157342657344828,0.05126838177373032,-1.0641718666249727,0.2850424055012823,-0.0,4.273226773226939e-08,0.9022837275784276
1100.0,0.00014157342657344828,0.05126838177373032,-1.0641718666249727,0.2850424055012823,-0.0,4.273226773226939e-08,0.9021310076273037
1100.0,0.00014199300699298527,0.05142713291638966,-1.0676142645226776,0.28978394793061407,-0.0,4.368131868131868e-08,0.901977952982923
1100.0,0.00014164335664333493,0.05131092092391844,-1.0464463521226417,0.2969345624704045,-0.0,4.4380619380617755e-08,0.9018246217751754
1100.0,0.00014216783216781045,0.05148403694938919,-1.0803915630437309,0.2854915978965991,-0.0,4.325674325674013e-08,0.9016710721339508
1100.0,0.00014251748251751508,0.05161042882631722,-1.0590442921874539,0.2856030437713224,-0.0,4.300699300699441e-08,0.9015173621891391
1100.0,0.00014241258741257655,0.05157011996037308,-1.0870538683580555,0.28419097820866446,-0.0,4.3231768231769045e-08,0.9013635500706302
1100.0,0.0001428671328671383,0.051757300758619444,-1.0619232293707002,0.2983043344514257,-0.0,4.5254745254745806e-08,0.9012096939083138
1100.0,0.00014251748251748795,0.051610428826317424,-1.059044292187467,0.2856030437713045,-0.0,4.3006993006992135e-08,0.90105585183208
1100.0,0.00014269230769234026,0.05166757086207836,-1.0717922782973763,0.2813565793748033,-0.0,4.2582417582415276e-08,0.9009020819718186
1100.0,0.00014349650349647093,0.051969105041244294,-1.0624079501207424,0.2885308617640012,-0.0,4.3856143856146355e-08,0.9007484424574195
1100.0,0.00014349650349647093,0.05197114584074509,-1.0674779955705926,0.2883796106216804,-0.0,4.3906093906093295e-08,0.9005949914187726
1100.0,0.00014328671328667529,0.051902589414004975,-1.0866116106167554,0.29264719321154326,-0.0,4.4855144855143705e-08,0.9004417869857679
1100.0,0.00014381118881117796,0.05207533878037566,-1.0646815209739455,0.28395311224009867,-0.0,4.323176823176859e-08,0.9002888872882951
1100.0,0.00014374125874123703,0.05205671440987707,-1.0742023326094297,0.28715241472640024,-0.0,4.388111888111771e-08,0.9001363504562442
1100.0,0.00014374125874123703,0.05205671440987707,-1.0742023326094297,0.28715241472640024,-0.0,4.388111888111771e-08,0.899984234619505
1100.0,0.00014430069930068302,0.05227107375513874,-1.086902641542245,0.29325111750239563,-0.0,4.5279720279722105e-08,0.8998325979079677
1100.0,0.00014423076923074208,0.05222873643015801,-1.0840978298698942,0.2839853301681198,-0.0,4.368131868131889e-08,0.8996814984515217
1100.0,0.00014437062937062395,0.05228324663587645,-1.0782731264515917,0.28586719405269145,-0.0,4.388111888111919e-08,0.8995309943800572
1100.0,0.00014461538461538802,0.05238725267108635,-1.0687519515159838,0.2955883316882082,-0.0,4.54545454545483e-08,0.8993811438234642
1100.0,0.0001449650349650404,0.0525042566816917,-1.089197112806032,0.2886728456925949,-0.0,4.475524475524269e-08,0.8992320049116322
1100.0,0.0001450349650349793,0.05254666036154447,-1.071910996564308,0.3000416087249349,-0.0,4.640359640359813e-08,0.8990836357744515
1100.0,0.00014527972027974742,0.05261027379790863,-1.0912982926072907,0.2841787718663287,-0.0,4.413086913086814e-08,0.8989360945418117
1100.0,0.0001449650349650404,0.05250425668169175,-1.0891971128060138,0.2886728456926334,-0.0,4.475524475524679e-08,0.8987894393436029
1100.0,0.0001456643356643411,0.05275816754232708,-1.0724143026295931,0.29046297410688005,-0.0,4.5004995004995205e-08,0.8986437283097147
1100.0,0.00014573426573428,0.052773099207835225,-1.0838265405001608,0.2827797976061722,-0.0,4.390609390609485e-08,0.8984990195700374
1100.0,0.0001455944055943459,0.052733463586400214,-1.0964690462598456,0.2897316063472816,-0.0,4.525474525474573e-08,0.8983553712544605
1100.0,0.00014597902097896468,0.05288316166681781,-1.073374774149442,0.2966524032445196,-0.0,4.6128871128870945e-08,0.8982128414928742
1100.0,0.0001464335664335556,0.05303143721730848,-1.1003895935736019,0.28551964904131966,-0.0,4.485514485514079e-08,0.8980714884151683
1100.0,0.0001460839160839032,0.052903571512591466,-1.0962570734098405,0.28501384488236375,-0.0,4.460539460539585e-08,0.8979313701512325
1100.0,0.00014667832167832167,0.05313184002312015,-1.0725959260435332,0.29396425725483544,-0.0,4.5879120879120456e-08,0.8977925448309568
1100.0,0.00014615384615384615,0.05294079025408739,-1.0858881255741033,0.29250579914960595,-0.0,4.5704295704293623e-08,0.8976550705842312
1100.0,0.0001468181818181764,0.05319852754854527,-1.0804706501771628,0.3022873387282457,-0.0,4.7477522477522404e-08,0.8975190055409457
1100.0,0.00014713286713288341,0.053304158687041796,-1.0826092330293553,0.29783767177635695,-0.0,4.685314685314597e-08,0.8973844078309897
1100.0,0.00014709790209794008,0.05328219612818548,-1.0805791931726934,0.2929322221461133,-0.0,4.5979020979018856e-08,0.8972513355842536
1100.0,0.00014678321678320594,0.053160705469929584,-1.081277056218353,0.28846597407359814,-0.0,4.5154845154842715e-08,0.897119846930627
1151.019999999553,0.00011733062690799188,0.039060973070842026,-1.104379860181182,-0.055323592794837034,6.546423074551753,-7.760241547708164e-09,0.8967296412206128
1100.0,0.00013458041958041414,0.04872643175438917,-1.0352590043047636,0.2785984574912442,-0.0,3.92357642357605e-08,0.8965977396281481
1100.0,0.00013569930069925185,0.04912345301751134,-1.0467708902009305,0.2731500872496651,-0.0,3.8886113886111356e-08,0.8964647226498561
1100.0,0.00013674825174825528,0.04951300716769171,-1.041472226269295,0.28115175467097225,-0.0,4.033466533467091e-08,0.8963306148477521
1100.0,0.00013709790209793466,0.049631597340257565,-1.0695866237617648,0.27336451721305194,-0.0,3.963536463536442e-08,0.8961954407838516
1100.0,0.00013786713286714915,0.049916521222027166,-1.0565732873627167,0.2788828443701761,-0.0,4.053446553446429e-08,0.8960592250201697
1100.0100000016391,0.00013825117544821362,0.050065109123172385,-1.0365931671735893,0.28564001339229794,-0.0,4.140972306036857e-08,0.8959219921187218
1100.0,0.00013849650349650891,0.05012975587654928,-1.0567191558957008,0.2686869020853812,-0.0,3.913586413586443e-08,0.895783766641523
1100.0,0.00013842657342659514,0.05012189686608582,-1.066138067597136,0.2809021580704035,-0.0,4.113386613386165e-08,0.8956445731505889
1100.0,0.00013856643356644985,0.05018956489393402,-1.03783963427891,0.2921854677728311,-0.0,4.2532467532465306e-08,0.8955044362079343
1100.0,0.00013898601398598686,0.05031559490763358,-1.0644951904549929,0.27511476001707014,-0.0,4.0384615384616274e-08,0.895363380375575
1100.0,0.00013919580419580963,0.0504022456209678,-1.0382898923777064,0.2819854574349947,-0.0,4.113386613386841e-08,0.8952214302155259
1100.0,0.0001399300699300808,0.05064822232065434,-1.0669920037733518,0.26835665750935284,-0.0,3.9610389610390044e-08,0.8950786102898023
1100.0,0.0001396853146853147,0.05058828167099808,-1.0459789664477348,0.2882965444391861,-0.0,4.238261738261579e-08,0.8949349451604196
1100.0,0.00013947552447551905,0.050510949907975985,-1.052632096336805,0.28721652977371914,-0.0,4.228271728271799e-08,0.8947904593893932
1100.0,0.00013947552447554618,0.05050315021677534,-1.057670390880299,0.28136571957616174,-0.0,4.143356643356617e-08,0.8946451775387381
1100.0,0.0001403496503496449,0.050822030536754284,-1.048502783313545,0.283428212185107,-0.0,4.1858141858139374e-08,0.8944991241704698
1100.0,0.0001403496503496449,0.050822030536754284,-1.048502783313545,0.283428212185107,-0.0,4.1858141858139374e-08,0.8943523238466035
1100.0,0.00014048951048949965,0.05086434722063992,-1.0505511553588855,0.277057668023186,-0.0,4.0909090909088945e-08,0.8942048011291543
1100.0100000016391,0.00014062889025817028,0.05093132631298741,-1.0626723029785574,0.2885500365518803,-0.0,4.300447482281935e-08,0.8940565805801378
1100.0,0.00014052447552449725,0.0508875021865672,-1.0565321118269198,0.2848917803712088,-0.0,4.2282717282717953e-08,0.8939076867615691
1100.0,0.0001411888111887732,0.05111573321217436,-1.0845356275012719,0.27538413933007455,-0.0,4.135864135863941e-08,0.8937581442354634
1100.0,0.00014153846153847782,0.051246877214542734,-1.062003753207923,0.2799026152331954,-0.0,4.185814185813994e-08,0.8936079775638363
1100.0,0.00014090909090906377,0.05103445063400942,-1.061679098001675,0.28983849951036494,-0.0,4.325674325674198e-08,0.8934572113087026
1100.0,0.00014094405594403423,0.051037345209763794,-1.0650589033403177,0.2839181768410334,-0.0,4.238261738261599e-08,0.893305870032078
1100.0,0.00014066433566435195,0.05092857446433871,-1.0508911872426192,0.2787231042239984,-0.0,4.123376623376252e-08,0.8931539782959774
1100.0,0.00014153846153845069,0.05124687721454271,-1.0620037532079185,0.27990261523317084,-0.0,4.1858141858140625e-08,0.8930015606624165
1100.0,0.00014188811188810103,0.05137473733620084,-1.066455498223995,0.2804020147709811,-0.0,4.210789210789461e-08,0.8928486416934104
1100.0,0.00014153846153845069,0.05124687721454271,-1.0620037532079185,0.27990261523317084,-0.0,4.1858141858140625e-08,0.8926952459509742
1100.0,0.0001420629370629262,0.05144009460851862,-1.0743333492721914,0.28187480155167316,-0.0,4.2532467532467714e-08,0.8925413979971234
1100.0,0.0001420629370629262,0.05144009460851862,-1.0743333492721914,0.28187480155167316,-0.0,4.2532467532467714e-08,0.8923871223938731
1100.0,0.00014199300699301243,0.05141888286565086,-1.072589615360651,0.2840100541306845,-0.0,4.28321678321679e-08,0.8922324437032387
1100.0,0.00014251748251748795,0.05162950765411241,-1.0578427172108036,0.2965305336932325,-0.0,4.4755244755240395e-08,0.8920773864872356
1100.0,0.00014199300699303759,0.051427132916389534,-1.0676142645226498,0.28978394793069595,-0.0,4.368131868132392e-08,0.8919219753078788
1100.0,0.00014283216783216783,0.051735560128582686,-1.0601520193177603,0.2919060877517676,-0.0,4.413086913086795e-08,0.8917662347271836
1100.0,0.00014269230769234026,0.05166757086207836,-1.0717922782973763,0.2813565793748033,-0.0,4.2582417582415276e-08,0.8916101893071656
1100.0,0.00014279720279717023,0.05171395685241408,-1.0580405402771103,0.28682622442879113,-0.0,4.325674325674095e-08,0.8914538636098397
1100.0,0.0001427972027972245,0.0516963746457637,-1.0805913069139088,0.2757220359588056,-0.0,4.18581418581413e-08,0.8912972821972216
1100.0,0.00014300699300696587,0.05180090089306674,-1.0679000206922866,0.2933270691257508,-0.0,4.4555444555445746e-08,0.891140469631326
1100.0,0.00014300699300696587,0.05180090089306674,-1.0679000206922866,0.2933270691257508,-0.0,4.4555444555445746e-08,0.8909834504741687
1100.0,0.00014335664335664335,0.051938483426126766,-1.050307245440096,0.29997960039747845,-0.0,4.54545454545469e-08,0.8908262492877647
1100.0,0.0001431118881119044,0.05184497579468534,-1.0738498029446533,0.2968784530985599,-0.0,4.527972027972059e-08,0.8906688906341294
1100.0,0.00014398601398600314,0.05217598425840506,-1.0682595185291859,0.3052638517313238,-0.0,4.685314685314637e-08,0.890511399075278
1100.0,0.0001440909090909145,0.05219797685618471,-1.0721617142560989,0.29537078145981255,-0.0,4.5279720279718366e-08,0.8903537991732258
1100.0099999979138,0.00014405439642519867,0.052162914958519144,-1.0763994040920075,0.28259662642700234,-0.0,4.325365776326502e-08,0.890196115489988
1100.0,0.00014461538461539003,0.05238725267108635,-1.0687519515159838,0.2955883316882082,-0.0,4.545454545454532e-08,0.89003837258758
1100.0,0.0001449650349650404,0.0525042566816917,-1.089197112806032,0.2886728456925949,-0.0,4.475524475524269e-08,0.8898805950280171
1100.0,0.0001447202797202743,0.05239961542768888,-1.0837358679027338,0.27911891462516325,-0.0,4.3031968031969565e-08,0.8897228073733146
1100.0,0.0001447202797202743,0.05239961542768888,-1.0837358679027338,0.27911891462516325,-0.0,4.3031968031969565e-08,0.8895650341854875
1100.0099999979138,0.00014492837453651314,0.05249321745509487,-1.0709757406681901,0.2910516697033457,-0.0,4.483164434731185e-08,0.8894073000265513
1100.0,0.00014527972027974742,0.05261027379790863,-1.0912982926072907,0.2841787718663287,-0.0,4.413086913086814e-08,0.8892496294585213
1100.0,0.0001456643356643411,0.05275816754232708,-1.0724143026295931,0.29046297410688005,-0.0,4.5004995004995205e-08,0.8890920470434128
1100.0,0.00014573426573425487,0.05277108942203003,-1.0789418835016844,0.2828216757072576,-0.0,4.385614385614514e-08,0.888934577343241
1100.0,0.0001455594405594297,0.05271385017241687,-1.0664725527883239,0.28697714500146226,-0.0,4.428071928071971e-08,0.8887772449200212
1100.0,0.0001455594405594297,0.052734541035092244,-1.0623395936358615,0.2991260719780081,-0.0,4.6228771228767816e-08,0.8886200743357685
1100.0,0.00014569930069931156,0.052779917553646284,-1.0744574856730607,0.29543070053544035,-0.0,4.587912087911983e-08,0.8884630901524984
1100.0,0.00014583916083916627,0.052815502200843245,-1.0848855998648397,0.2863062962841352,-0.0,4.458041958041881e-08,0.8883063169322261
1100.0,0.00014636363636361466,0.053012005501327064,-1.0703958569121856,0.29088259618894435,-0.0,4.525474525474657e-08,0.888149779236967
1100.0,0.00014615384615384615,0.05294079025408739,-1.0858881255741033,0.29250579914960595,-0.0,4.5704295704293623e-08,0.8879935016287362
1100.0,0.00014681818181820353,0.05318428510206918,-1.0804894829353726,0.29478592613506455,-0.0,4.6228771228769795e-08,0.8878375086695491
1100.0,0.00014702797202799917,0.05324919973790462,-1.0925561309777374,0.28722001935907754,-0.0,4.517982017981731e-08,0.8876818249214208
1100.0,0.00014657342657343743,0.053077701761120144,-1.0780503405546649,0.28403303972038824,-0.0,4.430569430568913e-08,0.8875264749463668
1100.0,0.00014713286713288341,0.05330415868704167,-1.082609233029347,0.2978376717763343,-0.0,4.685314685314479e-08,0.8873714833064023
1100.0,0.00014713286713288341,0.05330415868704167,-1.082609233029347,0.2978376717763343,-0.0,4.685314685314479e-08,0.8872168745635426
1100.0,0.00014720279720282435,0.05331126437340326,-1.089246155382929,0.287456535065225,-0.0,4.525474525474483e-08,0.8870626732798028
1100.0,0.00014758741258739087,0.053459344507312434,-1.08513137542381,0.2923177272801833,-0.0,4.61288711288714e-08,0.8869089040171985
1100.0,0.00014790209790207078,0.05357916827207454,-1.087199331182516,0.29536238184514463,-0.0,4.675324675324799e-08,0.8867555913377445
1100.0,0.0001477972027971865,0.053525057853138554,-1.0926793139971716,0.28554610111467527,-0.0,4.517982017981913e-08,0.8866027598034566
1100.0,0.0001477622377622432,0.05352201472857742,-1.0816936050639665,0.29262183794346225,-0.0,4.62037962037952e-08,0.8864504339763499
1100.0,0.00014793706293704122,0.053581642604929695,-1.0903718317903996,0.28972749200092024,-0.0,4.5879120879118187e-08,0.8862986384184395
1100.0,0.0001486713286713124,0.053852210781550995,-1.0905457757244499,0.29219512559970134,-0.0,4.655344655344477e-08,0.8861473976917408
1100.0,0.00014888111888110801,0.05392137935471556,-1.0963875012348776,0.28756526427733947,-0.0,4.590409590409463e-08,0.885996736358269
1100.0,0.00014832167832166203,0.053729682558887194,-1.0950247591741826,0.2943302215105036,-0.0,4.685314685314506e-08,0.8858466789800397
1100.0,0.00014870629370628284,0.05385523524817584,-1.0890192502136258,0.2862698945171879,-0.0,4.5479520479518805e-08,0.8856972501190679
1100.0,0.00014888111888113517,0.05392896562454484,-1.0840175770463158,0.29322177777029146,-0.0,4.6653346653344754e-08,0.8855484743373687
1100.0,0.00014916083916087172,0.05402945324711174,-1.1046475517867325,0.29115569762002846,-0.0,4.675324675324635e-08,0.8854003761969578
1100.0,0.00014870629370631,0.05388279930187423,-1.075285841974487,0.30345779143052903,-0.0,4.8226773226773315e-08,0.8852529802598501
1100.0,0.0001494055944056107,0.054122966054582125,-1.100279074743354,0.2941933581322487,-0.0,4.727772227772319e-08,0.885106311088061
1100.0,0.00014916083916087172,0.05402945324711151,-1.1046475517867558,0.2911556976200038,-0.0,4.675324675324752e-08,0.8849603932436062
1100.0,0.00014996503496502955,0.05430574220433446,-1.1063843278790098,0.2822118686646455,-0.0,4.547952047952241e-08,0.8848152512885002
1100.0,0.0001500699300699138,0.05436074787096754,-1.1010450638145788,0.29184633301068996,-0.0,4.705294705294415e-08,0.8846709097847589
1100.0,0.00014986013986011815,0.05426087378804749,-1.1005822818858413,0.2788497278526165,-0.0,4.4755244755244994e-08,0.8845273932943973
1100.0,0.00015027972027970734,0.054429270200375204,-1.1113563479725979,0.2875833526565426,-0.0,4.6603396603398324e-08,0.8843847263794307
1100.0,0.0001506643356643031,0.05457848116300602,-1.0889780307575798,0.29427859547229723,-0.0,4.747752247751799e-08,0.8842429336018744
1100.0,0.00014996503496502955,0.054305742204334484,-1.1063843278790382,0.28221186866461867,-0.0,4.547952047951732e-08,0.8841020395237439
1100.0,0.0001507692307692416,0.05459992229986698,-1.0922826395758352,0.2849067139743824,-0.0,4.5904095904089675e-08,0.883962068707054
1100.0,0.00015094405594403965,0.05465781986804144,-1.1042379039830121,0.28094564438588593,-0.0,4.5479520479520545e-08,0.8838230457138203
1100.0,0.00015164335664334037,0.054924948793785955,-1.1150600802705033,0.28869410137916757,-0.0,4.7277722277723415e-08,0.883684995106058
1100.0,0.0001516433566433654,0.054924948793785955,-1.1150600802705033,0.28869410137916757,-0.0,4.7277722277726757e-08,0.8835479414457826
1100.0,0.00015108391608392152,0.05472486277790581,-1.1119892592834233,0.2890445979183931,-0.0,4.707792207792107e-08,0.8834119092950091
1100.0,0.00015132867132866047,0.05481014062335106,-1.085290150267635,0.2898682403367488,-0.0,4.685314685314419e-08,0.8832769232157528
1100.0,0.00015181818181819268,0.05498319302433709,-1.126902134159101,0.28476803062847095,-0.0,4.6853146853144544e-08,0.8831430077700291
1100.0,0.0001516433566433675,0.054924948793785865,-1.1150600802705255,0.2886941013791311,-0.0,4.7277722277722376e-08,0.883010187519853
1100.0,0.00015234265734263895,0.05517431055712928,-1.105380680670705,0.28675328427361213,-0.0,4.697802197802632e-08,0.8828784870272401
1100.0,0.00015230769230769562,0.05515927351357564,-1.1173322852049201,0.28436182759305206,-0.0,4.675324675324725e-08,0.8827479308542058
1100.0,0.00015202797202798832,0.05505011490919109,-1.109245281745236,0.2809223829750202,-0.0,4.5904095904093506e-08,0.8826185435627649
1100.0,0.00015290209790208705,0.055380433586623604,-1.104001009572103,0.2888692318052285,-0.0,4.747752247752043e-08,0.882490349714933
1100.0,0.00015286713286711659,0.0553736618280065,-1.1286778145880134,0.2900996940596896,-0.0,4.815184815184698e-08,0.8823633738727252
1100.0,0.00015265734265732095,0.055284388721985954,-1.1361375034902021,0.2816995450347327,-0.0,4.675324675324498e-08,0.8822376405981569
1100.0,0.00015276223776223235,0.05530980240811066,-1.1241804185718878,0.2766033825762161,-0.0,4.5679320679318105e-08,0.8821131744532436
1151.1500000059605,0.00012217164087024253,0.040671388134604365,-1.105729549619551,-0.02819310776641269,6.553438337132906,-4.1381530506228426e-09,0.8817477793824944
1100.0,0.00014374125874123703,0.05205671440987707,-1.0742023326094297,0.28715241472640024,-0.0,4.388111888111771e-08,0.881628736244902
1100.0,0.00014412587412588297,0.05221023933012648,-1.0536449557667533,0.2967223703961763,-0.0,4.525474525474953e-08,0.8815110285584701
1100.0,0.0001447552447552719,0.052436108308544886,-1.0583385088346031,0.29526522085838963,-0.0,4.525474525474261e-08,0.8813946243259884
1100.0,0.0001449650349650404,0.05250425668169175,-1.0891971128060138,0.2886728456926334,-0.0,4.475524475524679e-08,0.881279491550247
1100.0,0.00014531468531466158,0.05263597110860084,-1.066934753802897,0.2930972364845391,-0.0,4.525474525474953e-08,0.8811655982340356
1100.0,0.00014573426573428203,0.052773099207835225,-1.0838265405001608,0.2827797976061722,-0.0,4.390609390609171e-08,0.8810529123801444
1100.0,0.00014569930069931156,0.052779917553646284,-1.0744574856730607,0.29543070053544035,-0.0,4.587912087911983e-08,0.8809414019913631
1100.0,0.0001463636363636418,0.0530091472952518,-1.0672305745240982,0.28835891813180997,-0.0,4.475524475524494e-08,0.8808310350704818
1100.0,0.0001464335664335556,0.05304600633298225,-1.0660931634559694,0.2952379565341986,-0.0,4.5904095904097635e-08,0.8807217796202904
1100.0,0.00014643356643358272,0.053031437217308554,-1.1003895935736088,0.2855196490413144,-0.0,4.485514485514212e-08,0.8806136036435789
1100.0,0.00014709790209794008,0.05328219612818548,-1.0805791931726934,0.2929322221461133,-0.0,4.5979020979018856e-08,0.8805064751431371
1100.0,0.00014667832167832167,0.05313184002312002,-1.0725959260435527,0.2939642572548223,-0.0,4.5879120879120926e-08,0.8804003621217551
1100.0,0.00014671328671329214,0.053132481647863904,-1.0872009607461426,0.2856223975204637,-0.0,4.4755244755244306e-08,0.8802952325822228
1100.0,0.00014709790209791092,0.053285608381682704,-1.0672449366331604,0.2949289285818173,-0.0,4.612887112887266e-08,0.8801910545273297
1100.0,0.0001469580419580311,0.05321846057013053,-1.0936254703075685,0.2843763504850472,-0.0,4.473026973026345e-08,0.8800877959598664
1100.0,0.0001469930069930287,0.053223371489668485,-1.101583273048459,0.2786893277791002,-0.0,4.390609390609313e-08,0.8799854248826228
